SerialNo,WorkOrder,ModelName,LineName,SectionName,GroupName,StationName,TesterId,FixtureId,CarrierId,CarrierSide,TimeStamp,TestResult,SequenceNumber,Title,FileName
BUNC1B257315#,3572603330,ECD16010089,CD01,ASSEMBLY,CVI CDBU,CVI_CDBU,TA02,ECD16010089-CVI-04,,0,4/1/2026 13:36,PASS,0,N/A,N/A
BUNC1B257267#,3572603330,ECD16010089,CD01,ASSEMBLY,CVI CDBU,CVI_CDBU,TA02,ECD16010089-CVI-04,,0,4/1/2026 13:37,PASS,0,N/A,N/A
BUNC1B257116#,3572603330,ECD16010089,CD01,ASSEMBLY,CVI CDBU,CVI_CDBU,TA02,ECD16010089-CVI-04,,0,4/1/2026 13:38,PASS,0,N/A,N/A
BUNC1B257316#,3572603330,ECD16010089,CD01,ASSEMBLY,CVI CDBU,CVI_CDBU,TA02,ECD16010089-CVI-04,,0,4/1/2026 13:39,PASS,0,N/A,N/A
BUNC1B206406#,3572603330,ECD16010089,CD01,ASSEMBLY,ATS1 CDBU,ATS1_CDBU_01,CA01,ECD16010089-PAT-01,,0,4/1/2026 13:39,PASS,0,N/A,N/A
BUNC1B257173#,3572603330,ECD16010089,CD01,ASSEMBLY,CVI CDBU,CVI_CDBU,TA02,ECD16010089-CVI-04,,0,4/1/2026 13:40,PASS,0,N/A,N/A
BUNC1B257315#,3572603330,ECD16010089,CD01,ASSEMBLY,ATS1 CDBU,ATS1_CDBU_02,CA02,ECD16010089-PAT-02,,0,4/1/2026 13:42,PASS,0,N/A,N/A
BUNC1B257163#,3572603330,ECD16010089,CD01,ASSEMBLY,CVI CDBU,CVI_CDBU,TA02,ECD16010089-CVI-04,,0,4/1/2026 13:43,PASS,0,N/A,N/A
BUNC1B257116#,3572603330,ECD16010089,CD01,ASSEMBLY,ATS1 CDBU,ATS1_CDBU_01,CA01,ECD16010089-PAT-03,,0,4/1/2026 13:43,PASS,0,N/A,N/A
BUNC1B206405#,3572603330,ECD16010089,CD01,ASSEMBLY,ATS1 CDBU,ATS1_CDBU_01,CA01,ECD16010089-PAT-01,,0,4/1/2026 13:44,PASS,0,N/A,N/A
BUNC1B206381#,3572603330,ECD16010089,CD01,ASSEMBLY,CVI CDBU,CVI_CDBU,TA02,ECD16010089-CVI-04,,0,4/1/2026 13:45,PASS,0,N/A,N/A
BUNC1B257173#,3572603330,ECD16010089,CD01,ASSEMBLY,ATS1 CDBU,ATS1_CDBU_01,CA04,ECD16010089-PAT-04,,0,4/1/2026 13:45,PASS,0,N/A,N/A
BUNC1B206361#,3572602926,ECD16010089,CD01,ASSEMBLY,CVI CDBU,CVI_CDBU,TA04,ECD16010089-CVI-01,,0,4/1/2026 13:45,PASS,0,N/A,N/A
BUNC1B206208#,3572603330,ECD16010089,CD01,ASSEMBLY,CVI CDBU,CVI_CDBU,TA02,ECD16010089-CVI-04,,0,4/1/2026 13:46,PASS,0,N/A,N/A
BUNC1B257267#,3572603330,ECD16010089,CD01,ASSEMBLY,ATS1 CDBU,ATS1_CDBU_02,CA02,ECD16010089-PAT-02,,0,4/1/2026 13:47,PASS,0,N/A,N/A
BUNC1B206387#,3572602926,ECD16010089,CD01,ASSEMBLY,CVI CDBU,CVI_CDBU,TA04,ECD16010089-CVI-01,,0,4/1/2026 13:47,PASS,0,N/A,N/A
BUNC1B257316#,3572603330,ECD16010089,CD01,ASSEMBLY,ATS1 CDBU,ATS1_CDBU_01,CA01,ECD16010089-PAT-03,,0,4/1/2026 13:48,PASS,0,N/A,N/A
BUNC1B206296#,3572603330,ECD16010089,CD01,ASSEMBLY,CVI CDBU,CVI_CDBU,TA03,ECD16010089-CVI-01,,0,4/1/2026 13:48,PASS,0,N/A,N/A
BUNC1B257318#,3572603330,ECD16010089,CD01,ASSEMBLY,CVI CDBU,CVI_CDBU,TA03,ECD16010089-CVI-01,,0,4/1/2026 13:49,PASS,0,N/A,N/A
BUNC1B206381#,3572603330,ECD16010089,CD01,ASSEMBLY,ATS1 CDBU,ATS1_CDBU_01,CA04,ECD16010089-PAT-04,,0,4/1/2026 13:50,PASS,0,N/A,N/A
BUNC1B257318#,3572603330,ECD16010089,CD01,ASSEMBLY,ATS1 CDBU,ATS1_CDBU_01,CA01,ECD16010089-PAT-01,,0,4/1/2026 13:54,PASS,0,N/A,N/A
BUNC1B206361#,3572603330,ECD16010089,CD01,ASSEMBLY,ATS1 CDBU,ATS1_CDBU_01,CA04,ECD16010089-PAT-04,,0,4/1/2026 13:54,PASS,0,N/A,N/A
BUNC1B206304#,3572603330,ECD16010089,CD01,ASSEMBLY,CVI CDBU,CVI_CDBU,TA02,ECD16010089-CVI-04,,0,4/1/2026 13:58,PASS,0,N/A,N/A
1085033-04 261207016414,3572603330,ECD16010089,CD01,FINAL-TEST,ATS2 CDBU,ATS2_CDBU,CA17,ECD16010089-FAT-01,,0,4/1/2026 13:58,PASS,0,N/A,N/A
BUNC1B206402#,3572603330,ECD16010089,CD01,ASSEMBLY,ATS1 CDBU,ATS1_CDBU_02,CA02,ECD16010089-PAT-02,,0,4/1/2026 14:01,PASS,0,N/A,N/A
BUNC1B206304#,3572603330,ECD16010089,CD01,ASSEMBLY,ATS1 CDBU,ATS1_CDBU_02,CA02,ECD16010089-PAT-02,,0,4/1/2026 14:05,PASS,0,N/A,N/A
1085033-04 2612070163361085033-04 261207016414,3572603330,ECD16010089,CD01,FINAL-TEST,EER CDBU,EER_CDBU,TA05,ECD16010089-EER-01,,0,4/1/2026 14:15,PASS,0,N/A,N/A
1085033-04 261207016493,3572603330,ECD16010089,CD01,FINAL-TEST,ATS2 CDBU,ATS2_CDBU,CA17,ECD16010089-FAT-01,,0,4/1/2026 14:16,PASS,0,N/A,N/A
1085033-04 261207016407,3572603330,ECD16010089,CD01,FINAL-TEST,ATS2 CDBU,ATS2_CDBU,CA17,ECD16010089-FAT-01,,0,4/1/2026 14:20,PASS,0,N/A,N/A
1085033-04 261207016401,3572603330,ECD16010089,CD01,FINAL-TEST,ATS2 CDBU,ATS2_CDBU,CA17,ECD16010089-FAT-01,,0,4/1/2026 14:27,PASS,0,N/A,N/A
1085033-04 261207016397,3572603330,ECD16010089,CD01,FINAL-TEST,ATS2 CDBU,ATS2_CDBU,CA17,ECD16010089-FAT-01,,0,4/1/2026 14:36,PASS,0,N/A,N/A
BUNC1B206426#,3572603330,ECD16010089,CD01,ASSEMBLY,CVI CDBU,CVI_CDBU,TA01,ECD16010089-CVI-04,,0,4/1/2026 14:48,PASS,0,N/A,N/A
1085033-04 2612070164711085033-04 261207016407,3572603330,ECD16010089,CD01,FINAL-TEST,EER CDBU,EER_CDBU,TA05,ECD16010089-EER-01,,0,4/1/2026 14:48,PASS,0,N/A,N/A
1085033-04 2612070164781085033-04 261207016401,3572603330,ECD16010089,CD01,FINAL-TEST,EER CDBU,EER_CDBU,TA05,ECD16010089-EER-01,,0,4/1/2026 14:51,PASS,0,N/A,N/A
BUNC1B206426#,3572603330,ECD16010089,CD01,ASSEMBLY,ATS1 CDBU,ATS1_CDBU_01,CA01,ECD16010089-PAT-03,,0,4/1/2026 14:53,PASS,0,N/A,N/A
1085033-04 2612070165301085033-04 261207016397,3572603330,ECD16010089,CD01,FINAL-TEST,EER CDBU,EER_CDBU,TA05,ECD16010089-EER-01,,0,4/1/2026 14:53,PASS,0,N/A,N/A
1085033-04 261207016520,3572603330,ECD16010089,CD01,FINAL-TEST,ATS2 CDBU,ATS2_CDBU,CA17,ECD16010089-FAT-01,,0,4/1/2026 14:57,PASS,0,N/A,N/A
BUNC1B257309#,3572603330,ECD16010089,CD01,ASSEMBLY,CVI CDBU,CVI_CDBU,TA01,ECD16010089-CVI-04,,0,4/1/2026 15:29,PASS,0,N/A,N/A
BUNC1B257280#,3572603330,ECD16010089,CD01,ASSEMBLY,CVI CDBU,CVI_CDBU,TA01,ECD16010089-CVI-04,,0,4/1/2026 15:31,PASS,0,N/A,N/A
BUNC1B257296#,3572603330,ECD16010089,CD01,ASSEMBLY,CVI CDBU,CVI_CDBU,TA02,ECD16010089-CVI-04,,0,4/1/2026 15:32,PASS,0,N/A,N/A
BUNC1B206294#,3572603330,ECD16010089,CD01,ASSEMBLY,ATS1 CDBU,ATS1_CDBU_01,CA04,ECD16010089-PAT-04,,0,4/1/2026 15:33,PASS,0,N/A,N/A
BUNC1B257245#,3572603330,ECD16010089,CD01,ASSEMBLY,CVI CDBU,CVI_CDBU,TA02,ECD16010089-CVI-04,,0,4/1/2026 15:34,PASS,0,N/A,N/A
BUNC1B257309#,3572603330,ECD16010089,CD01,ASSEMBLY,ATS1 CDBU,ATS1_CDBU_01,CA04,ECD16010089-PAT-04,,0,4/1/2026 15:38,PASS,0,N/A,N/A
1085033-04 261207016230,3572603330,ECD16010089,CD01,FINAL-TEST,ATS2 CDBU,ATS2_CDBU,CA17,ECD16010089-FAT-01,,0,4/1/2026 15:39,PASS,0,N/A,N/A
1085033-04 2612070164931085033-04 261207016520,3572603330,ECD16010089,CD01,FINAL-TEST,EER CDBU,EER_CDBU,TA05,ECD16010089-EER-01,,0,4/1/2026 15:42,PASS,0,N/A,N/A
1085033-04 261407004689,3572603330,ECD16010089,CD01,FINAL-TEST,ATS2 CDBU,ATS2_CDBU,CA17,ECD16010089-FAT-01,,0,4/1/2026 15:45,PASS,0,N/A,N/A
BUNC1B257245#,3572603330,ECD16010089,CD01,ASSEMBLY,ATS1 CDBU,ATS1_CDBU_01,CA04,ECD16010089-PAT-04,,0,4/1/2026 15:50,PASS,0,N/A,N/A
1085033-04 261207016574,3572603330,ECD16010089,CD01,FINAL-TEST,ATS2 CDBU,ATS2_CDBU,CA17,ECD16010089-FAT-01,,0,4/1/2026 15:53,PASS,0,N/A,N/A
BUNC1B257331#,3572603330,ECD16010089,CD01,ASSEMBLY,CVI CDBU,CVI_CDBU,TA03,ECD16010089-CVI-01,,0,4/1/2026 15:56,PASS,0,N/A,N/A
1085033-04 261207016564,3572603330,ECD16010089,CD01,FINAL-TEST,ATS2 CDBU,ATS2_CDBU,CA17,ECD16010089-FAT-01,,0,4/1/2026 15:58,PASS,0,N/A,N/A
BUNC1B206331#,3572603330,ECD16010089,CD01,ASSEMBLY,CVI CDBU,CVI_CDBU,TA02,ECD16010089-CVI-04,,0,4/1/2026 16:01,PASS,0,N/A,N/A
1085033-04 261207016525,3572603330,ECD16010089,CD01,FINAL-TEST,ATS2 CDBU,ATS2_CDBU,CA17,ECD16010089-FAT-01,,0,4/1/2026 16:02,PASS,0,N/A,N/A
BUNC1B206492#,3572603330,ECD16010089,CD01,ASSEMBLY,CVI CDBU,CVI_CDBU,TA03,ECD16010089-CVI-01,,0,4/1/2026 16:03,PASS,0,N/A,N/A
1085033-04 261207016518,3572603330,ECD16010089,CD01,FINAL-TEST,ATS2 CDBU,ATS2_CDBU,CA17,ECD16010089-FAT-01,,0,4/1/2026 16:06,PASS,0,N/A,N/A
1085033-04 261207016515,3572603330,ECD16010089,CD01,FINAL-TEST,ATS2 CDBU,ATS2_CDBU,CA17,ECD16010089-FAT-01,,0,4/1/2026 16:10,PASS,0,N/A,N/A
1085033-04 261207016514,3572603330,ECD16010089,CD01,FINAL-TEST,ATS2 CDBU,ATS2_CDBU,CA17,ECD16010089-FAT-01,,0,4/1/2026 16:14,PASS,0,N/A,N/A
1085033-04 261207016513,3572603330,ECD16010089,CD01,FINAL-TEST,ATS2 CDBU,ATS2_CDBU,CA17,ECD16010089-FAT-01,,0,4/1/2026 16:20,PASS,0,N/A,N/A
BUNC1B257330#,3572603330,ECD16010089,CD01,ASSEMBLY,CVI CDBU,CVI_CDBU,TA01,ECD16010089-CVI-04,,0,4/1/2026 16:23,PASS,0,N/A,N/A
BUNC1B257280#,3572603330,ECD16010089,CD01,ASSEMBLY,ATS1 CDBU,ATS1_CDBU_01,CA04,ECD16010089-PAT-04,,0,4/1/2026 16:35,PASS,0,N/A,N/A
BUNC1B257296#,3572603330,ECD16010089,CD01,ASSEMBLY,ATS1 CDBU,ATS1_CDBU_01,CA01,ECD16010089-PAT-03,,0,4/1/2026 16:37,PASS,0,N/A,N/A
BUNC1B206301#,3572603330,ECD16010089,CD01,ASSEMBLY,ATS1 CDBU,ATS1_CDBU_01,CA04,ECD16010089-PAT-04,,0,4/1/2026 17:18,PASS,0,N/A,N/A
BUNC1B257331#,3572603330,ECD16010089,CD01,ASSEMBLY,ATS1 CDBU,ATS1_CDBU_01,CA01,ECD16010089-PAT-03,,0,4/1/2026 17:18,PASS,0,N/A,N/A
BUNC1B206331#,3572603330,ECD16010089,CD01,ASSEMBLY,ATS1 CDBU,ATS1_CDBU_02,CA02,ECD16010089-PAT-02,,0,4/1/2026 17:19,PASS,0,N/A,N/A
BUNC1B257101#,3572603330,ECD16010089,CD01,ASSEMBLY,ATS1 CDBU,ATS1_CDBU_01,CA01,ECD16010089-PAT-01,,0,4/1/2026 17:19,PASS,0,N/A,N/A
1085033-04 261207016512,3572603330,ECD16010089,CD01,FINAL-TEST,ATS2 CDBU,ATS2_CDBU,CA17,ECD16010089-FAT-01,,0,4/1/2026 17:21,PASS,0,N/A,N/A
1085033-04 261207016548,3572605118,ECD16010089,CD01,FINAL-TEST,ATS2 CDBU,ATS2_CDBU,CA19,ECD16010089-FAT-01,,0,4/1/2026 17:22,PASS,0,N/A,N/A
BUNC1B206482#,3572603330,ECD16010089,CD01,ASSEMBLY,ATS1 CDBU,ATS1_CDBU_02,CA02,ECD16010089-PAT-02,,0,4/1/2026 17:23,PASS,0,N/A,N/A
1085033-04 261207016394,3572603330,ECD16010089,CD01,FINAL-TEST,ATS2 CDBU,ATS2_CDBU,CA17,ECD16010089-FAT-01,,0,4/1/2026 17:26,PASS,0,N/A,N/A
1085033-04 261207016519,3572605118,ECD16010089,CD01,FINAL-TEST,ATS2 CDBU,ATS2_CDBU,CA19,ECD16010089-FAT-01,,0,4/1/2026 17:26,PASS,0,N/A,N/A
1085033-04 2612070163941085033-04 261407004689,3572603330,ECD16010089,CD01,FINAL-TEST,EER CDBU,EER_CDBU,TA05,ECD16010089-EER-01,,0,4/1/2026 17:29,PASS,0,N/A,N/A
1085033-04 261207016510,3572603330,ECD16010089,CD01,FINAL-TEST,ATS2 CDBU,ATS2_CDBU,CA17,ECD16010089-FAT-01,,0,4/1/2026 17:31,PASS,0,N/A,N/A
1085033-04 2612070165101085033-04 261207016574,3572603330,ECD16010089,CD01,FINAL-TEST,EER CDBU,EER_CDBU,TA05,ECD16010089-EER-01,,0,4/1/2026 17:33,PASS,0,N/A,N/A
1085033-04 261207016552,3572603330,ECD16010089,CD01,FINAL-TEST,ATS2 CDBU,ATS2_CDBU,CA17,ECD16010089-FAT-01,,0,4/1/2026 17:35,PASS,0,N/A,N/A
1085033-04 261207016331,3572605118,ECD16010089,CD01,FINAL-TEST,ATS2 CDBU,ATS2_CDBU,CA19,ECD16010089-FAT-01,,0,4/1/2026 17:37,PASS,0,N/A,N/A
1085033-04 2612070165521085033-04 261207016564,3572603330,ECD16010089,CD01,FINAL-TEST,EER CDBU,EER_CDBU,TA05,ECD16010089-EER-01,,0,4/1/2026 17:37,PASS,0,N/A,N/A
1085033-04 261207016506,3572603330,ECD16010089,CD01,FINAL-TEST,ATS2 CDBU,ATS2_CDBU,CA17,ECD16010089-FAT-01,,0,4/1/2026 17:38,PASS,0,N/A,N/A
1085033-04 261207016509,3572603330,ECD16010089,CD01,FINAL-TEST,ATS2 CDBU,ATS2_CDBU,CA17,ECD16010089-FAT-01,,0,4/1/2026 17:41,PASS,0,N/A,N/A
1085033-04 2612070165091085033-04 261207016525,3572603330,ECD16010089,CD01,FINAL-TEST,EER CDBU,EER_CDBU,TA05,ECD16010089-EER-01,,0,4/1/2026 17:44,PASS,0,N/A,N/A
1085033-04 261207016551,3572603330,ECD16010089,CD01,FINAL-TEST,ATS2 CDBU,ATS2_CDBU,CA17,ECD16010089-FAT-01,,0,4/1/2026 17:45,PASS,0,N/A,N/A
1085033-04 261207016557,3572603330,ECD16010089,CD01,FINAL-TEST,ATS2 CDBU,ATS2_CDBU,CA17,ECD16010089-FAT-01,,0,4/1/2026 17:48,PASS,0,N/A,N/A
1085033-04 261207016556,3572603330,ECD16010089,CD01,FINAL-TEST,ATS2 CDBU,ATS2_CDBU,CA17,ECD16010089-FAT-01,,0,4/1/2026 17:52,PASS,0,N/A,N/A
1085033-04 261207016219,3572603330,ECD16010089,CD01,FINAL-TEST,ATS2 CDBU,ATS2_CDBU,CA17,ECD16010089-FAT-01,,0,4/1/2026 17:56,PASS,0,N/A,N/A
1085033-04 261207016553,3572603330,ECD16010089,CD01,FINAL-TEST,ATS2 CDBU,ATS2_CDBU,CA17,ECD16010089-FAT-01,,0,4/1/2026 18:00,PASS,0,N/A,N/A
1085033-04 261207016562,3572603330,ECD16010089,CD01,FINAL-TEST,ATS2 CDBU,ATS2_CDBU,CA17,ECD16010089-FAT-01,,0,4/1/2026 18:04,PASS,0,N/A,N/A
1085033-04 261207016464,3572603330,ECD16010089,CD01,FINAL-TEST,ATS2 CDBU,ATS2_CDBU,CA17,ECD16010089-FAT-01,,0,4/1/2026 18:08,PASS,0,N/A,N/A
1085033-04 261207016241,3572603330,ECD16010089,CD01,FINAL-TEST,ATS2 CDBU,ATS2_CDBU,CA17,ECD16010089-FAT-01,,0,4/1/2026 18:12,PASS,0,N/A,N/A
1085033-04 2612070165571085033-04 261207016518,3572603330,ECD16010089,CD01,FINAL-TEST,EER CDBU,EER_CDBU,TA05,ECD16010089-EER-01,,0,4/1/2026 18:28,PASS,0,N/A,N/A
1085033-04 2612070165561085033-04 261207016515,3572603330,ECD16010089,CD01,FINAL-TEST,EER CDBU,EER_CDBU,TA05,ECD16010089-EER-01,,0,4/1/2026 18:31,PASS,0,N/A,N/A
1085033-04 261207016561,3572603330,ECD16010089,CD01,FINAL-TEST,ATS2 CDBU,ATS2_CDBU,CA17,ECD16010089-FAT-01,,0,4/1/2026 18:32,PASS,0,N/A,N/A
1085033-04 2612070162191085033-04 261207016514,3572603330,ECD16010089,CD01,FINAL-TEST,EER CDBU,EER_CDBU,TA05,ECD16010089-EER-01,,0,4/1/2026 18:33,PASS,0,N/A,N/A
1085033-04 261207016542,3572603330,ECD16010089,CD01,FINAL-TEST,ATS2 CDBU,ATS2_CDBU,CA17,ECD16010089-FAT-01,,0,4/1/2026 18:36,PASS,0,N/A,N/A
1085033-04 2612070165531085033-04 261207016513,3572603330,ECD16010089,CD01,FINAL-TEST,EER CDBU,EER_CDBU,TA05,ECD16010089-EER-01,,0,4/1/2026 18:36,PASS,0,N/A,N/A
1085033-04 2612070165621085033-04 261207016512,3572603330,ECD16010089,CD01,FINAL-TEST,EER CDBU,EER_CDBU,TA05,ECD16010089-EER-01,,0,4/1/2026 18:38,PASS,0,N/A,N/A
1085033-04 261207016528,3572603330,ECD16010089,CD01,FINAL-TEST,ATS2 CDBU,ATS2_CDBU,CA17,ECD16010089-FAT-01,,0,4/1/2026 18:40,PASS,0,N/A,N/A
1085033-04 261207016545,3572605118,ECD16010089,CD01,FINAL-TEST,ATS2 CDBU,ATS2_CDBU,CA19,ECD16010089-FAT-01,,0,4/1/2026 18:51,PASS,0,N/A,N/A
1085033-04 261207016311,3572603330,ECD16010089,CD01,FINAL-TEST,ATS2 CDBU,ATS2_CDBU,CA17,ECD16010089-FAT-01,,0,4/1/2026 18:54,PASS,0,N/A,N/A
BUNC1B206423#,3572603330,ECD16010089,CD01,ASSEMBLY,ATS1 CDBU,ATS1_CDBU_01,CA01,ECD16010089-PAT-03,,0,4/1/2026 18:56,PASS,0,N/A,N/A
1085033-04 261207016537,3572603330,ECD16010089,CD01,FINAL-TEST,ATS2 CDBU,ATS2_CDBU,CA17,ECD16010089-FAT-01,,0,4/1/2026 18:58,PASS,0,N/A,N/A
1085033-04 261207016224,3572605118,ECD16010089,CD01,FINAL-TEST,ATS2 CDBU,ATS2_CDBU,CA19,ECD16010089-FAT-01,,0,4/1/2026 19:05,PASS,0,N/A,N/A
1085033-04 261207016544,3572603330,ECD16010089,CD01,FINAL-TEST,ATS2 CDBU,ATS2_CDBU,CA19,ECD16010089-FAT-01,,0,4/1/2026 19:26,PASS,0,N/A,N/A
1085033-04 261207016635,3572603330,ECD16010089,CD01,FINAL-TEST,ATS2 CDBU,ATS2_CDBU,CA19,ECD16010089-FAT-01,,0,4/1/2026 19:33,PASS,0,N/A,N/A
1085033-04 261207016565,3572605118,ECD16010089,CD01,FINAL-TEST,ATS2 CDBU,ATS2_CDBU,CA19,ECD16010089-FAT-01,,0,4/1/2026 19:54,PASS,0,N/A,N/A
BUNC1B257317#,3572603330,ECD16010089,CD01,ASSEMBLY,CVI CDBU,CVI_CDBU,TA03,ECD16010089-CVI-01,,0,4/1/2026 19:58,PASS,0,N/A,N/A
BUNC1B257126#,3572602926,ECD16010089,CD01,ASSEMBLY,CVI CDBU,CVI_CDBU,TA04,ECD16010089-CVI-01,,0,4/1/2026 19:59,PASS,0,N/A,N/A
BUNC1B257347#,3572603330,ECD16010089,CD01,ASSEMBLY,CVI CDBU,CVI_CDBU,TA01,ECD16010089-CVI-04,,0,4/2/2026 9:12,PASS,0,N/A,N/A
BUNC1B257334#,3572603330,ECD16010089,CD01,ASSEMBLY,CVI CDBU,CVI_CDBU,TA01,ECD16010089-CVI-04,,0,4/2/2026 9:15,PASS,0,N/A,N/A
BUNC1B206492#,3572603330,ECD16010089,CD01,ASSEMBLY,ATS1 CDBU,ATS1_CDBU_01,CA01,ECD16010089-PAT-01,,0,4/2/2026 9:15,PASS,0,N/A,N/A
BUNC1B206400#,3572603330,ECD16010089,CD01,ASSEMBLY,ATS1 CDBU,ATS1_CDBU_02,CA02,ECD16010089-PAT-02,,0,4/2/2026 9:15,PASS,0,N/A,N/A
1085033-04 2612070162411085033-04 261207016331,3572603330,ECD16010089,CD01,FINAL-TEST,EER CDBU,EER_CDBU,TA05,ECD16010089-EER-01,,0,4/2/2026 9:17,PASS,0,N/A,N/A
BUNC1B257347#,3572603330,ECD16010089,CD01,ASSEMBLY,ATS1 CDBU,ATS1_CDBU_01,CA01,ECD16010089-PAT-03,,0,4/2/2026 9:18,PASS,0,N/A,N/A
1085033-04 261207016480,3572603330,ECD16010089,CD01,FINAL-TEST,ATS2 CDBU,ATS2_CDBU,CA19,ECD16010089-FAT-01,,0,4/2/2026 9:20,PASS,0,N/A,N/A
BUNC1B257334#,3572603330,ECD16010089,CD01,ASSEMBLY,ATS1 CDBU,ATS1_CDBU_02,CA02,ECD16010089-PAT-02,,0,4/2/2026 9:21,PASS,0,N/A,N/A
1085033-04 2612070165611085033-04 261207016506,3572603330,ECD16010089,CD01,FINAL-TEST,EER CDBU,EER_CDBU,TA05,ECD16010089-EER-01,,0,4/2/2026 9:21,PASS,0,N/A,N/A
1085033-04 2612070165421085033-04 261207016551,3572603330,ECD16010089,CD01,FINAL-TEST,EER CDBU,EER_CDBU,TA05,ECD16010089-EER-01,,0,4/2/2026 9:23,PASS,0,N/A,N/A
1085033-04 2612070165281085033-04 261207016565,3572603330,ECD16010089,CD01,FINAL-TEST,EER CDBU,EER_CDBU,TA05,ECD16010089-EER-01,,0,4/2/2026 9:26,PASS,0,N/A,N/A
1085033-04 2612070165451085033-04 261207016635,3572603330,ECD16010089,CD01,FINAL-TEST,EER CDBU,EER_CDBU,TA05,ECD16010089-EER-01,,0,4/2/2026 9:28,PASS,0,N/A,N/A
1085033-04 2612070163111085033-04 261207016480,3572603330,ECD16010089,CD01,FINAL-TEST,EER CDBU,EER_CDBU,TA05,ECD16010089-EER-01,,0,4/2/2026 9:32,PASS,0,N/A,N/A
BUNC1B257100#,3572603330,ECD16010089,CD01,ASSEMBLY,CVI CDBU,CVI_CDBU,TA01,ECD16010089-CVI-04,,0,4/2/2026 9:50,PASS,0,N/A,N/A
BUNC1B257341#,3572602926,ECD16010089,CD01,ASSEMBLY,CVI CDBU,CVI_CDBU,TA04,ECD16010089-CVI-01,,0,4/2/2026 9:50,PASS,0,N/A,N/A
1085033-04 261207016540,3572603330,ECD16010089,CD01,FINAL-TEST,ATS2 CDBU,ATS2_CDBU,CA17,ECD16010089-FAT-01,,0,4/2/2026 9:53,PASS,0,N/A,N/A
1085033-04 2612070165371085033-04 261207016540,3572603330,ECD16010089,CD01,FINAL-TEST,EER CDBU,EER_CDBU,TA05,ECD16010089-EER-01,,0,4/2/2026 9:56,PASS,0,N/A,N/A
1085033-04 261207016568,3572603330,ECD16010089,CD01,FINAL-TEST,ATS2 CDBU,ATS2_CDBU,CA17,ECD16010089-FAT-01,,0,4/2/2026 9:57,PASS,0,N/A,N/A
BUNC1B257314#,3572603330,ECD16010089,CD01,ASSEMBLY,CVI CDBU,CVI_CDBU,TA01,ECD16010089-CVI-04,,0,4/2/2026 9:57,PASS,0,N/A,N/A
BUNC1B257308#,3572603330,ECD16010089,CD01,ASSEMBLY,CVI CDBU,CVI_CDBU,TA03,ECD16010089-CVI-01,,0,4/2/2026 9:57,PASS,0,N/A,N/A
BUNC1B257100#,3572603330,ECD16010089,CD01,ASSEMBLY,ATS1 CDBU,ATS1_CDBU_01,CA04,ECD16010089-PAT-04,,0,4/2/2026 9:57,PASS,0,N/A,N/A
BUNC1B257317#,3572603330,ECD16010089,CD01,ASSEMBLY,ATS1 CDBU,ATS1_CDBU_01,CA01,ECD16010089-PAT-01,,0,4/2/2026 9:58,PASS,0,N/A,N/A
BUNC1B257126#,3572603330,ECD16010089,CD01,ASSEMBLY,ATS1 CDBU,ATS1_CDBU_02,CA02,ECD16010089-PAT-02,,0,4/2/2026 9:58,PASS,0,N/A,N/A
BUNC1B257117#,3572603330,ECD16010089,CD01,ASSEMBLY,ATS1 CDBU,ATS1_CDBU_01,CA01,ECD16010089-PAT-03,,0,4/2/2026 9:58,PASS,0,N/A,N/A
BUNC1B257310#,3572603330,ECD16010089,CD01,ASSEMBLY,CVI CDBU,CVI_CDBU,TA02,ECD16010089-CVI-04,,0,4/2/2026 9:59,PASS,0,N/A,N/A
BUNC1B257301#,3572603330,ECD16010089,CD01,ASSEMBLY,CVI CDBU,CVI_CDBU,TA03,ECD16010089-CVI-01,,0,4/2/2026 10:04,PASS,0,N/A,N/A
BUNC1B257297#,3572602926,ECD16010089,CD01,ASSEMBLY,CVI CDBU,CVI_CDBU,TA04,ECD16010089-CVI-01,,0,4/2/2026 10:43,PASS,0,N/A,N/A
BUNC1B257307#,3572603330,ECD16010089,CD01,ASSEMBLY,CVI CDBU,CVI_CDBU,TA03,ECD16010089-CVI-01,,0,4/2/2026 10:44,PASS,0,N/A,N/A
BUNC1B257374#,3572603330,ECD16010089,CD01,ASSEMBLY,CVI CDBU,CVI_CDBU,TA01,ECD16010089-CVI-04,,0,4/2/2026 10:45,PASS,0,N/A,N/A
BUNC1B257306#,3572603330,ECD16010089,CD01,ASSEMBLY,CVI CDBU,CVI_CDBU,TA03,ECD16010089-CVI-01,,0,4/2/2026 10:46,PASS,0,N/A,N/A
BUNC1B257378#,3572602926,ECD16010089,CD01,ASSEMBLY,CVI CDBU,CVI_CDBU,TA04,ECD16010089-CVI-01,,0,4/2/2026 10:48,PASS,0,N/A,N/A
BUNC1B257341#,3572603330,ECD16010089,CD01,ASSEMBLY,ATS1 CDBU,ATS1_CDBU_01,CA01,ECD16010089-PAT-03,,0,4/2/2026 10:48,PASS,0,N/A,N/A
BUNC1B257310#,3572603330,ECD16010089,CD01,ASSEMBLY,ATS1 CDBU,ATS1_CDBU_02,CA02,ECD16010089-PAT-02,,0,4/2/2026 10:48,PASS,0,N/A,N/A
BUNC1B257314#,3572603330,ECD16010089,CD01,ASSEMBLY,ATS1 CDBU,ATS1_CDBU_01,CA04,ECD16010089-PAT-04,,0,4/2/2026 10:48,PASS,0,N/A,N/A
BUNC1B257379#,3572602926,ECD16010089,CD01,ASSEMBLY,CVI CDBU,CVI_CDBU,TA04,ECD16010089-CVI-01,,0,4/2/2026 10:52,PASS,0,N/A,N/A
BUNC1B206360#,3572603330,ECD16010089,CD01,ASSEMBLY,CVI CDBU,CVI_CDBU,TA03,ECD16010089-CVI-01,,0,4/2/2026 10:53,PASS,0,N/A,N/A
BUNC1B257308#,3572603330,ECD16010089,CD01,ASSEMBLY,ATS1 CDBU,ATS1_CDBU_01,CA01,ECD16010089-PAT-01,,0,4/2/2026 10:53,PASS,0,N/A,N/A
BUNC1B257301#,3572603330,ECD16010089,CD01,ASSEMBLY,ATS1 CDBU,ATS1_CDBU_01,CA01,ECD16010089-PAT-03,,0,4/2/2026 10:53,PASS,0,N/A,N/A
BUNC1B206416#,3572603330,ECD16010089,CD01,ASSEMBLY,ATS1 CDBU,ATS1_CDBU_02,CA02,ECD16010089-PAT-02,,0,4/2/2026 10:53,PASS,0,N/A,N/A
BUNC1B257376#,3572602926,ECD16010089,CD01,ASSEMBLY,CVI CDBU,CVI_CDBU,TA04,ECD16010089-CVI-01,,0,4/2/2026 10:55,PASS,0,N/A,N/A
BUNC1B257374#,3572603330,ECD16010089,CD01,ASSEMBLY,ATS1 CDBU,ATS1_CDBU_01,CA01,ECD16010089-PAT-03,,0,4/2/2026 10:57,PASS,0,N/A,N/A
BUNC1B257163#,3572603330,ECD16010089,CD01,ASSEMBLY,ATS1 CDBU,ATS1_CDBU_02,CA02,ECD16010089-PAT-02,,0,4/2/2026 10:57,PASS,0,N/A,N/A
BUNC1B257333#,3572602926,ECD16010089,CD01,ASSEMBLY,CVI CDBU,CVI_CDBU,TA04,ECD16010089-CVI-01,,0,4/2/2026 10:59,PASS,0,N/A,N/A
BUNC1B257306#,3572603330,ECD16010089,CD01,ASSEMBLY,ATS1 CDBU,ATS1_CDBU_01,CA01,ECD16010089-PAT-03,,0,4/2/2026 11:02,PASS,0,N/A,N/A
BUNC1B257303#,3572603330,ECD16010089,CD01,ASSEMBLY,CVI CDBU,CVI_CDBU,TA03,ECD16010089-CVI-01,,0,4/2/2026 11:05,PASS,0,N/A,N/A
BUNC1B257304#,3572603330,ECD16010089,CD01,ASSEMBLY,CVI CDBU,CVI_CDBU,TA01,ECD16010089-CVI-04,,0,4/2/2026 11:06,PASS,0,N/A,N/A
BUNC1B257305#,3572603330,ECD16010089,CD01,ASSEMBLY,CVI CDBU,CVI_CDBU,TA03,ECD16010089-CVI-01,,0,4/2/2026 11:07,PASS,0,N/A,N/A
BUNC1B257378#,3572603330,ECD16010089,CD01,ASSEMBLY,ATS1 CDBU,ATS1_CDBU_01,CA01,ECD16010089-PAT-03,,0,4/2/2026 11:07,PASS,0,N/A,N/A
BUNC1B257336#,3572603330,ECD16010089,CD01,ASSEMBLY,CVI CDBU,CVI_CDBU,TA01,ECD16010089-CVI-04,,0,4/2/2026 11:08,PASS,0,N/A,N/A
BUNC1B257297#,3572603330,ECD16010089,CD01,ASSEMBLY,ATS1 CDBU,ATS1_CDBU_02,CA02,ECD16010089-PAT-02,,0,4/2/2026 11:08,PASS,0,N/A,N/A
BUNC1B257343#,3572603330,ECD16010089,CD01,ASSEMBLY,CVI CDBU,CVI_CDBU,TA03,ECD16010089-CVI-01,,0,4/2/2026 11:09,PASS,0,N/A,N/A
BUNC1B257303#,3572603330,ECD16010089,CD01,ASSEMBLY,ATS1 CDBU,ATS1_CDBU_01,CA01,ECD16010089-PAT-01,,0,4/2/2026 11:11,PASS,0,N/A,N/A
BUNC1B206360#,3572603330,ECD16010089,CD01,ASSEMBLY,ATS1 CDBU,ATS1_CDBU_01,CA01,ECD16010089-PAT-03,,0,4/2/2026 11:12,PASS,0,N/A,N/A
BUNC1B257304#,3572603330,ECD16010089,CD01,ASSEMBLY,ATS1 CDBU,ATS1_CDBU_02,CA02,ECD16010089-PAT-02,,0,4/2/2026 11:13,PASS,0,N/A,N/A
BUNC1B257400#,3572603330,ECD16010089,CD01,ASSEMBLY,CVI CDBU,CVI_CDBU,TA03,ECD16010089-CVI-01,,0,4/2/2026 11:13,PASS,0,N/A,N/A
BUNC1B257302#,3572603330,ECD16010089,CD01,ASSEMBLY,CVI CDBU,CVI_CDBU,TA01,ECD16010089-CVI-04,,0,4/2/2026 11:14,PASS,0,N/A,N/A
BUNC1B257282#,3572603330,ECD16010089,CD01,ASSEMBLY,CVI CDBU,CVI_CDBU,TA03,ECD16010089-CVI-01,,0,4/2/2026 11:15,PASS,0,N/A,N/A
BUNC1B257379#,3572603330,ECD16010089,CD01,ASSEMBLY,ATS1 CDBU,ATS1_CDBU_01,CA01,ECD16010089-PAT-03,,0,4/2/2026 11:16,PASS,0,N/A,N/A
BUNC1B257336#,3572603330,ECD16010089,CD01,ASSEMBLY,ATS1 CDBU,ATS1_CDBU_01,CA01,ECD16010089-PAT-01,,0,4/2/2026 11:17,PASS,0,N/A,N/A
BUNC1B257289#,3572602926,ECD16010089,CD01,ASSEMBLY,CVI CDBU,CVI_CDBU,TA04,ECD16010089-CVI-01,,0,4/2/2026 11:17,PASS,0,N/A,N/A
BUNC1B257376#,3572603330,ECD16010089,CD01,ASSEMBLY,ATS1 CDBU,ATS1_CDBU_02,CA02,ECD16010089-PAT-02,,0,4/2/2026 11:18,PASS,0,N/A,N/A
BUNC1B257284#,3572603330,ECD16010089,CD01,ASSEMBLY,CVI CDBU,CVI_CDBU,TA03,ECD16010089-CVI-01,,0,4/2/2026 11:18,PASS,0,N/A,N/A
BUNC1B257333#,3572603330,ECD16010089,CD01,ASSEMBLY,ATS1 CDBU,ATS1_CDBU_01,CA04,ECD16010089-PAT-04,,0,4/2/2026 11:20,PASS,0,N/A,N/A
BUNC1B257305#,3572603330,ECD16010089,CD01,ASSEMBLY,ATS1 CDBU,ATS1_CDBU_01,CA01,ECD16010089-PAT-03,,0,4/2/2026 11:21,PASS,0,N/A,N/A
BUNC1B257400#,3572603330,ECD16010089,CD01,ASSEMBLY,ATS1 CDBU,ATS1_CDBU_02,CA02,ECD16010089-PAT-02,,0,4/2/2026 11:22,PASS,0,N/A,N/A
BUNC1B257342#,3572603330,ECD16010089,CD01,ASSEMBLY,CVI CDBU,CVI_CDBU,TA01,ECD16010089-CVI-04,,0,4/2/2026 11:23,PASS,0,N/A,N/A
BUNC1B257282#,3572603330,ECD16010089,CD01,ASSEMBLY,ATS1 CDBU,ATS1_CDBU_01,CA01,ECD16010089-PAT-01,,0,4/2/2026 11:23,PASS,0,N/A,N/A
BUNC1B257302#,3572603330,ECD16010089,CD01,ASSEMBLY,ATS1 CDBU,ATS1_CDBU_01,CA04,ECD16010089-PAT-04,,0,4/2/2026 11:25,PASS,0,N/A,N/A
BUNC1B257343#,3572603330,ECD16010089,CD01,ASSEMBLY,ATS1 CDBU,ATS1_CDBU_01,CA01,ECD16010089-PAT-03,,0,4/2/2026 11:26,PASS,0,N/A,N/A
BUNC1B257289#,3572603330,ECD16010089,CD01,ASSEMBLY,ATS1 CDBU,ATS1_CDBU_02,CA02,ECD16010089-PAT-02,,0,4/2/2026 11:27,PASS,0,N/A,N/A
BUNC1B257295#,3572602926,ECD16010089,CD01,ASSEMBLY,CVI CDBU,CVI_CDBU,TA04,ECD16010089-CVI-01,,0,4/2/2026 11:29,PASS,0,N/A,N/A
BUNC1B257342#,3572603330,ECD16010089,CD01,ASSEMBLY,ATS1 CDBU,ATS1_CDBU_01,CA04,ECD16010089-PAT-04,,0,4/2/2026 11:30,PASS,0,N/A,N/A
BUNC1B257415#,3572603330,ECD16010089,CD01,ASSEMBLY,CVI CDBU,CVI_CDBU,TA01,ECD16010089-CVI-04,,0,4/2/2026 11:31,PASS,0,N/A,N/A
BUNC1B257335#,3572603330,ECD16010089,CD01,ASSEMBLY,CVI CDBU,CVI_CDBU,TA01,ECD16010089-CVI-04,,0,4/2/2026 11:32,PASS,0,N/A,N/A
BUNC1B257330#,3572603330,ECD16010089,CD01,ASSEMBLY,ATS1 CDBU,ATS1_CDBU_02,CA02,ECD16010089-PAT-02,,0,4/2/2026 11:32,PASS,0,N/A,N/A
BUNC1B257295#,3572603330,ECD16010089,CD01,ASSEMBLY,ATS1 CDBU,ATS1_CDBU_01,CA01,ECD16010089-PAT-03,,0,4/2/2026 11:34,PASS,0,N/A,N/A
BUNC1B257311#,3572603330,ECD16010089,CD01,ASSEMBLY,CVI CDBU,CVI_CDBU,TA01,ECD16010089-CVI-04,,0,4/2/2026 11:35,PASS,0,N/A,N/A
BUNC1B257415#,3572603330,ECD16010089,CD01,ASSEMBLY,ATS1 CDBU,ATS1_CDBU_01,CA04,ECD16010089-PAT-04,,0,4/2/2026 11:36,PASS,0,N/A,N/A
BUNC1B257332#,3572602926,ECD16010089,CD01,ASSEMBLY,CVI CDBU,CVI_CDBU,TA04,ECD16010089-CVI-01,,0,4/2/2026 11:40,PASS,0,N/A,N/A
BUNC1B257329#,3572603330,ECD16010089,CD01,ASSEMBLY,CVI CDBU,CVI_CDBU,TA01,ECD16010089-CVI-04,,0,4/2/2026 13:11,PASS,0,N/A,N/A
BUNC1B257335#,3572603330,ECD16010089,CD01,ASSEMBLY,ATS1 CDBU,ATS1_CDBU_01,CA04,ECD16010089-PAT-04,,0,4/2/2026 13:14,PASS,0,N/A,N/A
BUNC1B257327#,3572603330,ECD16010089,CD01,ASSEMBLY,CVI CDBU,CVI_CDBU,TA01,ECD16010089-CVI-04,,0,4/2/2026 13:15,PASS,0,N/A,N/A
BUNC1B257398#,3572603330,ECD16010089,CD01,ASSEMBLY,CVI CDBU,CVI_CDBU,TA01,ECD16010089-CVI-04,,0,4/2/2026 13:16,PASS,0,N/A,N/A
BUNC1B257332#,3572603330,ECD16010089,CD01,ASSEMBLY,ATS1 CDBU,ATS1_CDBU_01,CA01,ECD16010089-PAT-01,,0,4/2/2026 13:16,PASS,0,N/A,N/A
1085033-04 261207016546,3572603330,ECD16010089,CD01,FINAL-TEST,ATS2 CDBU,ATS2_CDBU,CA17,ECD16010089-FAT-01,,0,4/2/2026 13:16,PASS,0,N/A,N/A
BUNC1B257329#,3572603330,ECD16010089,CD01,ASSEMBLY,ATS1 CDBU,ATS1_CDBU_02,CA02,ECD16010089-PAT-02,,0,4/2/2026 13:16,PASS,0,N/A,N/A
1085033-04 261207016228,3572603330,ECD16010089,CD01,FINAL-TEST,ATS2 CDBU,ATS2_CDBU,CA18,ECD16010089-FAT-02,,0,4/2/2026 13:18,PASS,0,N/A,N/A
BUNC1B257399#,3572603330,ECD16010089,CD01,ASSEMBLY,CVI CDBU,CVI_CDBU,TA01,ECD16010089-CVI-04,,0,4/2/2026 13:18,PASS,0,N/A,N/A
BUNC1B257311#,3572603330,ECD16010089,CD01,ASSEMBLY,ATS1 CDBU,ATS1_CDBU_01,CA04,ECD16010089-PAT-04,,0,4/2/2026 13:19,PASS,0,N/A,N/A
BUNC1B257327#,3572603330,ECD16010089,CD01,ASSEMBLY,ATS1 CDBU,ATS1_CDBU_01,CA01,ECD16010089-PAT-03,,0,4/2/2026 13:20,PASS,0,N/A,N/A
BUNC1B257395#,3572603330,ECD16010089,CD01,ASSEMBLY,CVI CDBU,CVI_CDBU,TA01,ECD16010089-CVI-04,,0,4/2/2026 13:20,PASS,0,N/A,N/A
1085033-04 261207016541,3572603330,ECD16010089,CD01,FINAL-TEST,ATS2 CDBU,ATS2_CDBU,CA17,ECD16010089-FAT-01,,0,4/2/2026 13:21,PASS,0,N/A,N/A
BUNC1B257398#,3572603330,ECD16010089,CD01,ASSEMBLY,ATS1 CDBU,ATS1_CDBU_02,CA02,ECD16010089-PAT-02,,0,4/2/2026 13:21,PASS,0,N/A,N/A
1085033-04 261207016307,3572605118,ECD16010089,CD01,FINAL-TEST,ATS2 CDBU,ATS2_CDBU,CA19,ECD16010089-FAT-01,,0,4/2/2026 13:21,PASS,0,N/A,N/A
BUNC1B257413#,3572603330,ECD16010089,CD01,ASSEMBLY,CVI CDBU,CVI_CDBU,TA01,ECD16010089-CVI-04,,0,4/2/2026 13:23,PASS,0,N/A,N/A
BUNC1B257399#,3572603330,ECD16010089,CD01,ASSEMBLY,ATS1 CDBU,ATS1_CDBU_01,CA01,ECD16010089-PAT-01,,0,4/2/2026 13:23,PASS,0,N/A,N/A
BUNC1B257294#,3572603330,ECD16010089,CD01,ASSEMBLY,CVI CDBU,CVI_CDBU,TA01,ECD16010089-CVI-04,,0,4/2/2026 13:24,PASS,0,N/A,N/A
BUNC1B257420#,3572603330,ECD16010089,CD01,ASSEMBLY,CVI CDBU,CVI_CDBU,TA01,ECD16010089-CVI-04,,0,4/2/2026 13:25,PASS,0,N/A,N/A
BUNC1B257395#,3572603330,ECD16010089,CD01,ASSEMBLY,ATS1 CDBU,ATS1_CDBU_01,CA01,ECD16010089-PAT-01,,0,4/2/2026 13:28,PASS,0,N/A,N/A
BUNC1B257283#,3572603330,ECD16010089,CD01,ASSEMBLY,CVI CDBU,CVI_CDBU,TA01,ECD16010089-CVI-04,,0,4/2/2026 13:28,PASS,0,N/A,N/A
BUNC1B257413#,3572603330,ECD16010089,CD01,ASSEMBLY,ATS1 CDBU,ATS1_CDBU_02,CA02,ECD16010089-PAT-02,,0,4/2/2026 13:28,PASS,0,N/A,N/A
BUNC1B257420#,3572603330,ECD16010089,CD01,ASSEMBLY,ATS1 CDBU,ATS1_CDBU_01,CA01,ECD16010089-PAT-03,,0,4/2/2026 13:30,PASS,0,N/A,N/A
BUNC1B257338#,3572603330,ECD16010089,CD01,ASSEMBLY,CVI CDBU,CVI_CDBU,TA01,ECD16010089-CVI-04,,0,4/2/2026 13:31,PASS,0,N/A,N/A
BUNC1B257294#,3572603330,ECD16010089,CD01,ASSEMBLY,ATS1 CDBU,ATS1_CDBU_01,CA01,ECD16010089-PAT-01,,0,4/2/2026 13:33,PASS,0,N/A,N/A
BUNC1B257428#,3572603330,ECD16010089,CD01,ASSEMBLY,CVI CDBU,CVI_CDBU,TA01,ECD16010089-CVI-04,,0,4/2/2026 13:33,PASS,0,N/A,N/A
BUNC1B257283#,3572603330,ECD16010089,CD01,ASSEMBLY,ATS1 CDBU,ATS1_CDBU_02,CA02,ECD16010089-PAT-02,,0,4/2/2026 13:33,PASS,0,N/A,N/A
BUNC1B257279#,3572603330,ECD16010089,CD01,ASSEMBLY,CVI CDBU,CVI_CDBU,TA01,ECD16010089-CVI-04,,0,4/2/2026 13:35,PASS,0,N/A,N/A
BUNC1B257281#,3572603330,ECD16010089,CD01,ASSEMBLY,CVI CDBU,CVI_CDBU,TA01,ECD16010089-CVI-04,,0,4/2/2026 13:36,PASS,0,N/A,N/A
BUNC1B257338#,3572603330,ECD16010089,CD01,ASSEMBLY,ATS1 CDBU,ATS1_CDBU_01,CA01,ECD16010089-PAT-03,,0,4/2/2026 13:36,PASS,0,N/A,N/A
BUNC1B257428#,3572603330,ECD16010089,CD01,ASSEMBLY,ATS1 CDBU,ATS1_CDBU_01,CA01,ECD16010089-PAT-01,,0,4/2/2026 13:39,PASS,0,N/A,N/A
BUNC1B257279#,3572603330,ECD16010089,CD01,ASSEMBLY,ATS1 CDBU,ATS1_CDBU_02,CA02,ECD16010089-PAT-02,,0,4/2/2026 13:40,PASS,0,N/A,N/A
BUNC1B257281#,3572603330,ECD16010089,CD01,ASSEMBLY,ATS1 CDBU,ATS1_CDBU_01,CA01,ECD16010089-PAT-01,,0,4/2/2026 13:43,PASS,0,N/A,N/A
1085033-04 2612070162241085033-04 261207016541,3572603330,ECD16010089,CD01,FINAL-TEST,EER CDBU,EER_CDBU,TA05,ECD16010089-EER-01,,0,4/2/2026 13:44,PASS,0,N/A,N/A
BUNC1B257337#,3572603330,ECD16010089,CD01,ASSEMBLY,CVI CDBU,CVI_CDBU,TA01,ECD16010089-CVI-04,,0,4/2/2026 13:44,PASS,0,N/A,N/A
BUNC1B257337#,3572603330,ECD16010089,CD01,ASSEMBLY,ATS1 CDBU,ATS1_CDBU_02,CA02,ECD16010089-PAT-02,,0,4/2/2026 13:49,PASS,0,N/A,N/A
BUNC1B257286#,3572603330,ECD16010089,CD01,ASSEMBLY,CVI CDBU,CVI_CDBU,TA01,ECD16010089-CVI-04,,0,4/2/2026 13:50,PASS,0,N/A,N/A
BUNC1B257287#,3572603330,ECD16010089,CD01,ASSEMBLY,CVI CDBU,CVI_CDBU,TA01,ECD16010089-CVI-04,,0,4/2/2026 13:51,PASS,0,N/A,N/A
BUNC1B257396#,3572603330,ECD16010089,CD01,ASSEMBLY,CVI CDBU,CVI_CDBU,TA01,ECD16010089-CVI-04,,0,4/2/2026 13:52,PASS,0,N/A,N/A
BUNC1B257414#,3572603330,ECD16010089,CD01,ASSEMBLY,CVI CDBU,CVI_CDBU,TA01,ECD16010089-CVI-04,,0,4/2/2026 13:53,PASS,0,N/A,N/A
BUNC1B257286#,3572603330,ECD16010089,CD01,ASSEMBLY,ATS1 CDBU,ATS1_CDBU_01,CA01,ECD16010089-PAT-01,,0,4/2/2026 13:55,PASS,0,N/A,N/A
BUNC1B257418#,3572603330,ECD16010089,CD01,ASSEMBLY,CVI CDBU,CVI_CDBU,TA01,ECD16010089-CVI-04,,0,4/2/2026 13:55,PASS,0,N/A,N/A
BUNC1B257287#,3572603330,ECD16010089,CD01,ASSEMBLY,ATS1 CDBU,ATS1_CDBU_02,CA02,ECD16010089-PAT-02,,0,4/2/2026 13:56,PASS,0,N/A,N/A
BUNC1B257278#,3572603330,ECD16010089,CD01,ASSEMBLY,CVI CDBU,CVI_CDBU,TA01,ECD16010089-CVI-04,,0,4/2/2026 13:57,PASS,0,N/A,N/A
BUNC1B257414#,3572603330,ECD16010089,CD01,ASSEMBLY,ATS1 CDBU,ATS1_CDBU_01,CA01,ECD16010089-PAT-01,,0,4/2/2026 13:59,PASS,0,N/A,N/A
BUNC1B257418#,3572603330,ECD16010089,CD01,ASSEMBLY,ATS1 CDBU,ATS1_CDBU_01,CA01,ECD16010089-PAT-03,,0,4/2/2026 14:00,PASS,0,N/A,N/A
BUNC1B257427#,3572603330,ECD16010089,CD01,ASSEMBLY,CVI CDBU,CVI_CDBU,TA01,ECD16010089-CVI-04,,0,4/2/2026 14:01,PASS,0,N/A,N/A
BUNC1B257396#,3572603330,ECD16010089,CD01,ASSEMBLY,ATS1 CDBU,ATS1_CDBU_02,CA02,ECD16010089-PAT-02,,0,4/2/2026 14:01,PASS,0,N/A,N/A
BUNC1B257423#,3572602926,ECD16010089,CD01,ASSEMBLY,CVI CDBU,CVI_CDBU,TA04,ECD16010089-CVI-01,,0,4/2/2026 14:04,PASS,0,N/A,N/A
BUNC1B257278#,3572603330,ECD16010089,CD01,ASSEMBLY,ATS1 CDBU,ATS1_CDBU_02,CA02,ECD16010089-PAT-02,,0,4/2/2026 14:06,PASS,0,N/A,N/A
BUNC1B257419#,3572603330,ECD16010089,CD01,ASSEMBLY,CVI CDBU,CVI_CDBU,TA01,ECD16010089-CVI-04,,0,4/2/2026 14:10,PASS,0,N/A,N/A
BUNC1B257423#,3572603330,ECD16010089,CD01,ASSEMBLY,ATS1 CDBU,ATS1_CDBU_01,CA01,ECD16010089-PAT-01,,0,4/2/2026 14:10,PASS,0,N/A,N/A
BUNC1B257421#,3572603330,ECD16010089,CD01,ASSEMBLY,CVI CDBU,CVI_CDBU,TA01,ECD16010089-CVI-04,,0,4/2/2026 14:16,PASS,0,N/A,N/A
BUNC1B257419#,3572603330,ECD16010089,CD01,ASSEMBLY,ATS1 CDBU,ATS1_CDBU_01,CA01,ECD16010089-PAT-01,,0,4/2/2026 14:17,PASS,0,N/A,N/A
BUNC1B257408#,3572603330,ECD16010089,CD01,ASSEMBLY,CVI CDBU,CVI_CDBU,TA01,ECD16010089-CVI-04,,0,4/2/2026 14:18,PASS,0,N/A,N/A
BUNC1B257410#,3572603330,ECD16010089,CD01,ASSEMBLY,CVI CDBU,CVI_CDBU,TA01,ECD16010089-CVI-04,,0,4/2/2026 14:22,PASS,0,N/A,N/A
BUNC1B257408#,3572603330,ECD16010089,CD01,ASSEMBLY,ATS1 CDBU,ATS1_CDBU_02,CA02,ECD16010089-PAT-02,,0,4/2/2026 14:24,PASS,0,N/A,N/A
BUNC1B257323#,3572603330,ECD16010089,CD01,ASSEMBLY,CVI CDBU,CVI_CDBU,TA01,ECD16010089-CVI-04,,0,4/2/2026 14:26,PASS,0,N/A,N/A
BUNC1B257421#,3572603330,ECD16010089,CD01,ASSEMBLY,ATS1 CDBU,ATS1_CDBU_01,CA01,ECD16010089-PAT-01,,0,4/2/2026 14:27,PASS,0,N/A,N/A
BUNC1B257323#,3572603330,ECD16010089,CD01,ASSEMBLY,ATS1 CDBU,ATS1_CDBU_01,CA01,ECD16010089-PAT-01,,0,4/2/2026 14:32,PASS,0,N/A,N/A
1085033-04 261207016463,3572603330,ECD16010089,CD01,FINAL-TEST,ATS2 CDBU,ATS2_CDBU,CA17,ECD16010089-FAT-01,,0,4/2/2026 14:34,PASS,0,N/A,N/A
BUNC1B257322#,3572603330,ECD16010089,CD01,ASSEMBLY,CVI CDBU,CVI_CDBU,TA01,ECD16010089-CVI-04,,0,4/2/2026 14:36,PASS,0,N/A,N/A
BUNC1B257321#,3572603330,ECD16010089,CD01,ASSEMBLY,CVI CDBU,CVI_CDBU,TA01,ECD16010089-CVI-04,,0,4/2/2026 14:39,PASS,0,N/A,N/A
BUNC1B206217#,3572602926,ECD16010089,CD01,ASSEMBLY,CVI CDBU,CVI_CDBU,TA04,ECD16010089-CVI-01,,0,4/2/2026 14:39,PASS,0,N/A,N/A
BUNC1B257322#,3572603330,ECD16010089,CD01,ASSEMBLY,ATS1 CDBU,ATS1_CDBU_01,CA01,ECD16010089-PAT-01,,0,4/2/2026 14:41,PASS,0,N/A,N/A
BUNC1B257319#,3572603330,ECD16010089,CD01,ASSEMBLY,CVI CDBU,CVI_CDBU,TA02,ECD16010089-CVI-04,,0,4/2/2026 14:42,PASS,0,N/A,N/A
BUNC1B257388#,3572603330,ECD16010089,CD01,ASSEMBLY,CVI CDBU,CVI_CDBU,TA03,ECD16010089-CVI-01,,0,4/2/2026 14:43,PASS,0,N/A,N/A
BUNC1B257324#,3572603330,ECD16010089,CD01,ASSEMBLY,CVI CDBU,CVI_CDBU,TA02,ECD16010089-CVI-04,,0,4/2/2026 14:43,PASS,0,N/A,N/A
BUNC1B257321#,3572603330,ECD16010089,CD01,ASSEMBLY,ATS1 CDBU,ATS1_CDBU_02,CA02,ECD16010089-PAT-02,,0,4/2/2026 14:44,PASS,0,N/A,N/A
BUNC1B206217#,3572603330,ECD16010089,CD01,ASSEMBLY,ATS1 CDBU,ATS1_CDBU_01,CA01,ECD16010089-PAT-01,,0,4/2/2026 14:47,PASS,0,N/A,N/A
BUNC1B257324#,3572603330,ECD16010089,CD01,ASSEMBLY,ATS1 CDBU,ATS1_CDBU_01,CA04,ECD16010089-PAT-04,,0,4/2/2026 14:49,PASS,0,N/A,N/A
BUNC1B257388#,3572603330,ECD16010089,CD01,ASSEMBLY,ATS1 CDBU,ATS1_CDBU_02,CA02,ECD16010089-PAT-02,,0,4/2/2026 14:49,PASS,0,N/A,N/A
1085033-04 261207016395,3572603330,ECD16010089,CD01,FINAL-TEST,ATS2 CDBU,ATS2_CDBU,CA17,ECD16010089-FAT-01,,0,4/2/2026 14:51,PASS,0,N/A,N/A
BUNC1B257319#,3572603330,ECD16010089,CD01,ASSEMBLY,ATS1 CDBU,ATS1_CDBU_01,CA01,ECD16010089-PAT-01,,0,4/2/2026 14:51,PASS,0,N/A,N/A
1085033-04 261207016389,3572603330,ECD16010089,CD01,FINAL-TEST,ATS2 CDBU,ATS2_CDBU,CA17,ECD16010089-FAT-01,,0,4/2/2026 14:54,PASS,0,N/A,N/A
1085033-04 2612070165681085033-04 261207016389,3572603330,ECD16010089,CD01,FINAL-TEST,EER CDBU,EER_CDBU,TA05,ECD16010089-EER-01,,0,4/2/2026 14:57,PASS,0,N/A,N/A
BUNC1B257275#,3572603330,ECD16010089,CD01,ASSEMBLY,CVI CDBU,CVI_CDBU,TA01,ECD16010089-CVI-04,,0,4/2/2026 15:01,PASS,0,N/A,N/A
1085033-04 261207016316,3572603330,ECD16010089,CD01,FINAL-TEST,ATS2 CDBU,ATS2_CDBU,CA17,ECD16010089-FAT-01,,0,4/2/2026 15:02,PASS,0,N/A,N/A
1085033-04 261207016222,3572603330,ECD16010089,CD01,FINAL-TEST,ATS2 CDBU,ATS2_CDBU,CA18,ECD16010089-FAT-02,,0,4/2/2026 15:03,PASS,0,N/A,N/A
1085033-04 261207016305,3572605118,ECD16010089,CD01,FINAL-TEST,ATS2 CDBU,ATS2_CDBU,CA19,ECD16010089-FAT-01,,0,4/2/2026 15:03,PASS,0,N/A,N/A
BUNC1B257426#,3572603330,ECD16010089,CD01,ASSEMBLY,CVI CDBU,CVI_CDBU,TA01,ECD16010089-CVI-04,,0,4/2/2026 15:05,PASS,0,N/A,N/A
1085033-04 2612070165461085033-04 261207016316,3572603330,ECD16010089,CD01,FINAL-TEST,EER CDBU,EER_CDBU,TA05,ECD16010089-EER-01,,0,4/2/2026 15:06,PASS,0,N/A,N/A
BUNC1B257275#,3572603330,ECD16010089,CD01,ASSEMBLY,ATS1 CDBU,ATS1_CDBU_01,CA01,ECD16010089-PAT-01,,0,4/2/2026 15:06,PASS,0,N/A,N/A
1085033-04 261207016398,3572603330,ECD16010089,CD01,FINAL-TEST,ATS2 CDBU,ATS2_CDBU,CA17,ECD16010089-FAT-01,,0,4/2/2026 15:08,PASS,0,N/A,N/A
1085033-04 2612070162281085033-04 261207016305,3572603330,ECD16010089,CD01,FINAL-TEST,EER CDBU,EER_CDBU,TA05,ECD16010089-EER-01,,0,4/2/2026 15:09,PASS,0,N/A,N/A
BUNC1B257426#,3572603330,ECD16010089,CD01,ASSEMBLY,ATS1 CDBU,ATS1_CDBU_02,CA02,ECD16010089-PAT-02,,0,4/2/2026 15:10,PASS,0,N/A,N/A
1085033-04 261207016497,3572605118,ECD16010089,CD01,FINAL-TEST,ATS2 CDBU,ATS2_CDBU,CA19,ECD16010089-FAT-01,,0,4/2/2026 15:10,PASS,0,N/A,N/A
1085033-04 261207016458,3572603330,ECD16010089,CD01,FINAL-TEST,ATS2 CDBU,ATS2_CDBU,CA18,ECD16010089-FAT-02,,0,4/2/2026 15:11,PASS,0,N/A,N/A
BUNC1B257288#,3572603330,ECD16010089,CD01,ASSEMBLY,CVI CDBU,CVI_CDBU,TA01,ECD16010089-CVI-04,,0,4/2/2026 15:11,PASS,0,N/A,N/A
BUNC1B257215#,3572603330,ECD16010089,CD01,ASSEMBLY,CVI CDBU,CVI_CDBU,TA02,ECD16010089-CVI-04,,0,4/2/2026 15:12,PASS,0,N/A,N/A
1085033-04 261207016452,3572603330,ECD16010089,CD01,FINAL-TEST,ATS2 CDBU,ATS2_CDBU,CA17,ECD16010089-FAT-01,,0,4/2/2026 15:12,PASS,0,N/A,N/A
1085033-04 2612070163071085033-04 261207016398,3572603330,ECD16010089,CD01,FINAL-TEST,EER CDBU,EER_CDBU,TA05,ECD16010089-EER-01,,0,4/2/2026 15:12,PASS,0,N/A,N/A
BUNC1B257217#,3572603330,ECD16010089,CD01,ASSEMBLY,CVI CDBU,CVI_CDBU,TA01,ECD16010089-CVI-04,,0,4/2/2026 15:12,PASS,0,N/A,N/A
BUNC1B257209#,3572603330,ECD16010089,CD01,ASSEMBLY,CVI CDBU,CVI_CDBU,TA02,ECD16010089-CVI-04,,0,4/2/2026 15:13,PASS,0,N/A,N/A
BUNC1B257213#,3572603330,ECD16010089,CD01,ASSEMBLY,CVI CDBU,CVI_CDBU,TA03,ECD16010089-CVI-01,,0,4/2/2026 15:14,PASS,0,N/A,N/A
BUNC1B257211#,3572602926,ECD16010089,CD01,ASSEMBLY,CVI CDBU,CVI_CDBU,TA04,ECD16010089-CVI-01,,0,4/2/2026 15:15,PASS,0,N/A,N/A
1085033-04 2612070164631085033-04 261207016497,3572603330,ECD16010089,CD01,FINAL-TEST,EER CDBU,EER_CDBU,TA05,ECD16010089-EER-01,,0,4/2/2026 15:15,PASS,0,N/A,N/A
BUNC1B257292#,3572603330,ECD16010089,CD01,ASSEMBLY,CVI CDBU,CVI_CDBU,TA03,ECD16010089-CVI-01,,0,4/2/2026 15:16,PASS,0,N/A,N/A
BUNC1B257291#,3572603330,ECD16010089,CD01,ASSEMBLY,CVI CDBU,CVI_CDBU,TA01,ECD16010089-CVI-04,,0,4/2/2026 15:17,PASS,0,N/A,N/A
1085033-04 2612070163951085033-04 261207016458,3572603330,ECD16010089,CD01,FINAL-TEST,EER CDBU,EER_CDBU,TA05,ECD16010089-EER-01,,0,4/2/2026 15:18,PASS,0,N/A,N/A
BUNC1B257290#,3572603330,ECD16010089,CD01,ASSEMBLY,CVI CDBU,CVI_CDBU,TA01,ECD16010089-CVI-04,,0,4/2/2026 15:18,PASS,0,N/A,N/A
BUNC1B257212#,3572603330,ECD16010089,CD01,ASSEMBLY,CVI CDBU,CVI_CDBU,TA02,ECD16010089-CVI-04,,0,4/2/2026 15:19,PASS,0,N/A,N/A
BUNC1B257210#,3572603330,ECD16010089,CD01,ASSEMBLY,CVI CDBU,CVI_CDBU,TA01,ECD16010089-CVI-04,,0,4/2/2026 15:19,PASS,0,N/A,N/A
BUNC1B257288#,3572603330,ECD16010089,CD01,ASSEMBLY,ATS1 CDBU,ATS1_CDBU_01,CA01,ECD16010089-PAT-01,,0,4/2/2026 15:19,PASS,0,N/A,N/A
BUNC1B257215#,3572603330,ECD16010089,CD01,ASSEMBLY,ATS1 CDBU,ATS1_CDBU_02,CA02,ECD16010089-PAT-02,,0,4/2/2026 15:20,PASS,0,N/A,N/A
BUNC1B257209#,3572603330,ECD16010089,CD01,ASSEMBLY,ATS1 CDBU,ATS1_CDBU_01,CA01,ECD16010089-PAT-03,,0,4/2/2026 15:20,PASS,0,N/A,N/A
BUNC1B257207#,3572603330,ECD16010089,CD01,ASSEMBLY,CVI CDBU,CVI_CDBU,TA02,ECD16010089-CVI-04,,0,4/2/2026 15:20,PASS,0,N/A,N/A
BUNC1B257203#,3572602926,ECD16010089,CD01,ASSEMBLY,CVI CDBU,CVI_CDBU,TA04,ECD16010089-CVI-01,,0,4/2/2026 15:21,PASS,0,N/A,N/A
BUNC1B257292#,3572603330,ECD16010089,CD01,ASSEMBLY,ATS1 CDBU,ATS1_CDBU_01,CA04,ECD16010089-PAT-04,,0,4/2/2026 15:21,PASS,0,N/A,N/A
BUNC1B257205#,3572602926,ECD16010089,CD01,ASSEMBLY,CVI CDBU,CVI_CDBU,TA04,ECD16010089-CVI-01,,0,4/2/2026 15:22,PASS,0,N/A,N/A
BUNC1B257211#,3572603330,ECD16010089,CD01,ASSEMBLY,ATS1 CDBU,ATS1_CDBU_01,CA01,ECD16010089-PAT-03,,0,4/2/2026 15:24,PASS,0,N/A,N/A
BUNC1B257213#,3572603330,ECD16010089,CD01,ASSEMBLY,ATS1 CDBU,ATS1_CDBU_02,CA02,ECD16010089-PAT-02,,0,4/2/2026 15:24,PASS,0,N/A,N/A
BUNC1B257221#,3572602926,ECD16010089,CD01,ASSEMBLY,CVI CDBU,CVI_CDBU,TA04,ECD16010089-CVI-01,,0,4/2/2026 15:25,PASS,0,N/A,N/A
BUNC1B257291#,3572603330,ECD16010089,CD01,ASSEMBLY,ATS1 CDBU,ATS1_CDBU_01,CA04,ECD16010089-PAT-04,,0,4/2/2026 15:26,PASS,0,N/A,N/A
BUNC1B257212#,3572603330,ECD16010089,CD01,ASSEMBLY,ATS1 CDBU,ATS1_CDBU_01,CA01,ECD16010089-PAT-01,,0,4/2/2026 15:27,PASS,0,N/A,N/A
BUNC1B257290#,3572603330,ECD16010089,CD01,ASSEMBLY,ATS1 CDBU,ATS1_CDBU_01,CA01,ECD16010089-PAT-03,,0,4/2/2026 15:29,PASS,0,N/A,N/A
BUNC1B257210#,3572603330,ECD16010089,CD01,ASSEMBLY,ATS1 CDBU,ATS1_CDBU_02,CA02,ECD16010089-PAT-02,,0,4/2/2026 15:29,PASS,0,N/A,N/A
BUNC1B257192#,3572603330,ECD16010089,CD01,ASSEMBLY,CVI CDBU,CVI_CDBU,TA01,ECD16010089-CVI-04,,0,4/2/2026 15:32,PASS,0,N/A,N/A
BUNC1B257221#,3572603330,ECD16010089,CD01,ASSEMBLY,ATS1 CDBU,ATS1_CDBU_01,CA01,ECD16010089-PAT-01,,0,4/2/2026 15:32,PASS,0,N/A,N/A
BUNC1B257195#,3572603330,ECD16010089,CD01,ASSEMBLY,CVI CDBU,CVI_CDBU,TA01,ECD16010089-CVI-04,,0,4/2/2026 15:34,PASS,0,N/A,N/A
BUNC1B257196#,3572603330,ECD16010089,CD01,ASSEMBLY,CVI CDBU,CVI_CDBU,TA02,ECD16010089-CVI-04,,0,4/2/2026 15:35,PASS,0,N/A,N/A
BUNC1B257198#,3572603330,ECD16010089,CD01,ASSEMBLY,CVI CDBU,CVI_CDBU,TA01,ECD16010089-CVI-04,,0,4/2/2026 15:36,PASS,0,N/A,N/A
BUNC1B257206#,3572602926,ECD16010089,CD01,ASSEMBLY,CVI CDBU,CVI_CDBU,TA04,ECD16010089-CVI-01,,0,4/2/2026 15:37,PASS,0,N/A,N/A
BUNC1B257192#,3572603330,ECD16010089,CD01,ASSEMBLY,ATS1 CDBU,ATS1_CDBU_02,CA02,ECD16010089-PAT-02,,0,4/2/2026 15:37,PASS,0,N/A,N/A
BUNC1B257195#,3572603330,ECD16010089,CD01,ASSEMBLY,ATS1 CDBU,ATS1_CDBU_01,CA01,ECD16010089-PAT-01,,0,4/2/2026 15:39,PASS,0,N/A,N/A
BUNC1B257199#,3572602926,ECD16010089,CD01,ASSEMBLY,CVI CDBU,CVI_CDBU,TA04,ECD16010089-CVI-01,,0,4/2/2026 15:39,PASS,0,N/A,N/A
1085033-04 261207016502,3572605118,ECD16010089,CD01,FINAL-TEST,ATS2 CDBU,ATS2_CDBU,CA19,ECD16010089-FAT-01,,0,4/2/2026 15:40,PASS,0,N/A,N/A
BUNC1B257198#,3572603330,ECD16010089,CD01,ASSEMBLY,ATS1 CDBU,ATS1_CDBU_02,CA02,ECD16010089-PAT-02,,0,4/2/2026 15:43,PASS,0,N/A,N/A
BUNC1B257194#,3572603330,ECD16010089,CD01,ASSEMBLY,CVI CDBU,CVI_CDBU,TA02,ECD16010089-CVI-04,,0,4/2/2026 15:44,PASS,0,N/A,N/A
BUNC1B257196#,3572603330,ECD16010089,CD01,ASSEMBLY,ATS1 CDBU,ATS1_CDBU_01,CA01,ECD16010089-PAT-01,,0,4/2/2026 15:44,PASS,0,N/A,N/A
BUNC1B257188#,3572603330,ECD16010089,CD01,ASSEMBLY,CVI CDBU,CVI_CDBU,TA02,ECD16010089-CVI-04,,0,4/2/2026 15:46,PASS,0,N/A,N/A
BUNC1B257206#,3572603330,ECD16010089,CD01,ASSEMBLY,ATS1 CDBU,ATS1_CDBU_02,CA02,ECD16010089-PAT-02,,0,4/2/2026 15:48,PASS,0,N/A,N/A
BUNC1B257189#,3572603330,ECD16010089,CD01,ASSEMBLY,CVI CDBU,CVI_CDBU,TA02,ECD16010089-CVI-04,,0,4/2/2026 15:50,PASS,0,N/A,N/A
BUNC1B257199#,3572603330,ECD16010089,CD01,ASSEMBLY,ATS1 CDBU,ATS1_CDBU_01,CA01,ECD16010089-PAT-01,,0,4/2/2026 15:50,PASS,0,N/A,N/A
1085033-04 2612070162221085033-04 261207016502,3572603330,ECD16010089,CD01,FINAL-TEST,EER CDBU,EER_CDBU,TA05,ECD16010089-EER-01,,0,4/2/2026 15:51,PASS,0,N/A,N/A
BUNC1B257201#,3572603330,ECD16010089,CD01,ASSEMBLY,CVI CDBU,CVI_CDBU,TA02,ECD16010089-CVI-04,,0,4/2/2026 15:52,PASS,0,N/A,N/A
BUNC1B257194#,3572603330,ECD16010089,CD01,ASSEMBLY,ATS1 CDBU,ATS1_CDBU_02,CA02,ECD16010089-PAT-02,,0,4/2/2026 15:53,PASS,0,N/A,N/A
1085033-04 261207016563,3572603330,ECD16010089,CD01,FINAL-TEST,ATS2 CDBU,ATS2_CDBU,CA17,ECD16010089-FAT-01,,0,4/2/2026 15:54,PASS,0,N/A,N/A
1085033-04 261207016447,3572605118,ECD16010089,CD01,FINAL-TEST,ATS2 CDBU,ATS2_CDBU,CA19,ECD16010089-FAT-01,,0,4/2/2026 15:54,PASS,0,N/A,N/A
1085033-04 261207016526,3572603330,ECD16010089,CD01,FINAL-TEST,ATS2 CDBU,ATS2_CDBU,CA18,ECD16010089-FAT-02,,0,4/2/2026 15:55,PASS,0,N/A,N/A
BUNC1B257188#,3572603330,ECD16010089,CD01,ASSEMBLY,ATS1 CDBU,ATS1_CDBU_01,CA01,ECD16010089-PAT-01,,0,4/2/2026 15:55,PASS,0,N/A,N/A
1085033-04 2612070164521085033-04 261207016563,3572603330,ECD16010089,CD01,FINAL-TEST,EER CDBU,EER_CDBU,TA05,ECD16010089-EER-01,,0,4/2/2026 15:57,PASS,0,N/A,N/A
BUNC1B257197#,3572603330,ECD16010089,CD01,ASSEMBLY,CVI CDBU,CVI_CDBU,TA02,ECD16010089-CVI-04,,0,4/2/2026 15:57,PASS,0,N/A,N/A
BUNC1B257204#,3572603330,ECD16010089,CD01,ASSEMBLY,CVI CDBU,CVI_CDBU,TA02,ECD16010089-CVI-04,,0,4/2/2026 15:58,PASS,0,N/A,N/A
1085033-04 261207016446,3572603330,ECD16010089,CD01,FINAL-TEST,ATS2 CDBU,ATS2_CDBU,CA17,ECD16010089-FAT-01,,0,4/2/2026 16:00,PASS,0,N/A,N/A
1085033-04 261207016522,3572603330,ECD16010089,CD01,FINAL-TEST,ATS2 CDBU,ATS2_CDBU,CA18,ECD16010089-FAT-02,,0,4/2/2026 16:00,PASS,0,N/A,N/A
BUNC1B257189#,3572603330,ECD16010089,CD01,ASSEMBLY,ATS1 CDBU,ATS1_CDBU_02,CA02,ECD16010089-PAT-02,,0,4/2/2026 16:00,PASS,0,N/A,N/A
1085033-04 261207016341,3572603330,ECD16010089,CD01,FINAL-TEST,ATS2 CDBU,ATS2_CDBU,CA17,ECD16010089-FAT-01,,0,4/2/2026 16:04,PASS,0,N/A,N/A
1085033-04 261207016340,3572605118,ECD16010089,CD01,FINAL-TEST,ATS2 CDBU,ATS2_CDBU,CA19,ECD16010089-FAT-01,,0,4/2/2026 16:05,PASS,0,N/A,N/A
BUNC1B257217#,3572603330,ECD16010089,CD01,ASSEMBLY,ATS1 CDBU,ATS1_CDBU_01,CA01,ECD16010089-PAT-01,,0,4/2/2026 16:10,PASS,0,N/A,N/A
BUNC1B257202#,3572603330,ECD16010089,CD01,ASSEMBLY,CVI CDBU,CVI_CDBU,TA02,ECD16010089-CVI-04,,0,4/2/2026 16:20,PASS,0,N/A,N/A
BUNC1B257433#,3572603330,ECD16010089,CD01,ASSEMBLY,CVI CDBU,CVI_CDBU,TA03,ECD16010089-CVI-01,,0,4/2/2026 16:20,PASS,0,N/A,N/A
BUNC1B257201#,3572603330,ECD16010089,CD01,ASSEMBLY,ATS1 CDBU,ATS1_CDBU_01,CA01,ECD16010089-PAT-01,,0,4/2/2026 16:20,PASS,0,N/A,N/A
BUNC1B257377#,3572603330,ECD16010089,CD01,ASSEMBLY,CVI CDBU,CVI_CDBU,TA03,ECD16010089-CVI-01,,0,4/2/2026 16:21,PASS,0,N/A,N/A
BUNC1B257373#,3572603330,ECD16010089,CD01,ASSEMBLY,CVI CDBU,CVI_CDBU,TA02,ECD16010089-CVI-04,,0,4/2/2026 16:22,PASS,0,N/A,N/A
BUNC1B257371#,3572603330,ECD16010089,CD01,ASSEMBLY,CVI CDBU,CVI_CDBU,TA03,ECD16010089-CVI-01,,0,4/2/2026 16:23,PASS,0,N/A,N/A
BUNC1B257197#,3572603330,ECD16010089,CD01,ASSEMBLY,ATS1 CDBU,ATS1_CDBU_02,CA02,ECD16010089-PAT-02,,0,4/2/2026 16:23,PASS,0,N/A,N/A
BUNC1B257205#,3572603330,ECD16010089,CD01,ASSEMBLY,ATS1 CDBU,ATS1_CDBU_01,CA04,ECD16010089-PAT-04,,0,4/2/2026 16:23,PASS,0,N/A,N/A
BUNC1B257372#,3572603330,ECD16010089,CD01,ASSEMBLY,CVI CDBU,CVI_CDBU,TA03,ECD16010089-CVI-01,,0,4/2/2026 16:24,PASS,0,N/A,N/A
BUNC1B257370#,3572603330,ECD16010089,CD01,ASSEMBLY,CVI CDBU,CVI_CDBU,TA02,ECD16010089-CVI-04,,0,4/2/2026 16:25,PASS,0,N/A,N/A
BUNC1B257204#,3572603330,ECD16010089,CD01,ASSEMBLY,ATS1 CDBU,ATS1_CDBU_01,CA01,ECD16010089-PAT-01,,0,4/2/2026 16:26,PASS,0,N/A,N/A
BUNC1B257369#,3572603330,ECD16010089,CD01,ASSEMBLY,CVI CDBU,CVI_CDBU,TA01,ECD16010089-CVI-04,,0,4/2/2026 16:27,PASS,0,N/A,N/A
BUNC1B257203#,3572603330,ECD16010089,CD01,ASSEMBLY,ATS1 CDBU,ATS1_CDBU_01,CA01,ECD16010089-PAT-03,,0,4/2/2026 16:27,PASS,0,N/A,N/A
BUNC1B257462#,3572603330,ECD16010089,CD01,ASSEMBLY,CVI CDBU,CVI_CDBU,TA02,ECD16010089-CVI-04,,0,4/2/2026 16:27,PASS,0,N/A,N/A
BUNC1B257377#,3572603330,ECD16010089,CD01,ASSEMBLY,ATS1 CDBU,ATS1_CDBU_02,CA02,ECD16010089-PAT-02,,0,4/2/2026 16:28,PASS,0,N/A,N/A
BUNC1B257202#,3572603330,ECD16010089,CD01,ASSEMBLY,ATS1 CDBU,ATS1_CDBU_01,CA04,ECD16010089-PAT-04,,0,4/2/2026 16:28,PASS,0,N/A,N/A
BUNC1B257463#,3572603330,ECD16010089,CD01,ASSEMBLY,CVI CDBU,CVI_CDBU,TA03,ECD16010089-CVI-01,,0,4/2/2026 16:29,PASS,0,N/A,N/A
BUNC1B257433#,3572603330,ECD16010089,CD01,ASSEMBLY,ATS1 CDBU,ATS1_CDBU_01,CA01,ECD16010089-PAT-01,,0,4/2/2026 16:30,PASS,0,N/A,N/A
BUNC1B257365#,3572603330,ECD16010089,CD01,ASSEMBLY,CVI CDBU,CVI_CDBU,TA03,ECD16010089-CVI-01,,0,4/2/2026 16:32,PASS,0,N/A,N/A
BUNC1B257373#,3572603330,ECD16010089,CD01,ASSEMBLY,ATS1 CDBU,ATS1_CDBU_02,CA02,ECD16010089-PAT-02,,0,4/2/2026 16:32,PASS,0,N/A,N/A
BUNC1B257207#,3572603330,ECD16010089,CD01,ASSEMBLY,ATS1 CDBU,ATS1_CDBU_01,CA04,ECD16010089-PAT-04,,0,4/2/2026 16:33,PASS,0,N/A,N/A
BUNC1B257465#,3572603330,ECD16010089,CD01,ASSEMBLY,CVI CDBU,CVI_CDBU,TA03,ECD16010089-CVI-01,,0,4/2/2026 16:35,PASS,0,N/A,N/A
BUNC1B257370#,3572603330,ECD16010089,CD01,ASSEMBLY,ATS1 CDBU,ATS1_CDBU_01,CA01,ECD16010089-PAT-01,,0,4/2/2026 16:35,PASS,0,N/A,N/A
BUNC1B257372#,3572603330,ECD16010089,CD01,ASSEMBLY,ATS1 CDBU,ATS1_CDBU_02,CA02,ECD16010089-PAT-02,,0,4/2/2026 16:37,PASS,0,N/A,N/A
BUNC1B257365#,3572603330,ECD16010089,CD01,ASSEMBLY,ATS1 CDBU,ATS1_CDBU_01,CA04,ECD16010089-PAT-04,,0,4/2/2026 16:38,PASS,0,N/A,N/A
BUNC1B257368#,3572603330,ECD16010089,CD01,ASSEMBLY,CVI CDBU,CVI_CDBU,TA03,ECD16010089-CVI-01,,0,4/2/2026 16:39,PASS,0,N/A,N/A
BUNC1B257463#,3572603330,ECD16010089,CD01,ASSEMBLY,ATS1 CDBU,ATS1_CDBU_01,CA01,ECD16010089-PAT-01,,0,4/2/2026 16:40,PASS,0,N/A,N/A
BUNC1B257363#,3572603330,ECD16010089,CD01,ASSEMBLY,CVI CDBU,CVI_CDBU,TA03,ECD16010089-CVI-01,,0,4/2/2026 16:40,PASS,0,N/A,N/A
BUNC1B257364#,3572603330,ECD16010089,CD01,ASSEMBLY,CVI CDBU,CVI_CDBU,TA01,ECD16010089-CVI-04,,0,4/2/2026 16:42,PASS,0,N/A,N/A
BUNC1B257367#,3572603330,ECD16010089,CD01,ASSEMBLY,CVI CDBU,CVI_CDBU,TA03,ECD16010089-CVI-01,,0,4/2/2026 16:42,PASS,0,N/A,N/A
BUNC1B257465#,3572603330,ECD16010089,CD01,ASSEMBLY,ATS1 CDBU,ATS1_CDBU_02,CA02,ECD16010089-PAT-02,,0,4/2/2026 16:43,PASS,0,N/A,N/A
BUNC1B257366#,3572603330,ECD16010089,CD01,ASSEMBLY,CVI CDBU,CVI_CDBU,TA02,ECD16010089-CVI-04,,0,4/2/2026 16:43,PASS,0,N/A,N/A
BUNC1B257361#,3572603330,ECD16010089,CD01,ASSEMBLY,CVI CDBU,CVI_CDBU,TA01,ECD16010089-CVI-04,,0,4/2/2026 16:44,PASS,0,N/A,N/A
BUNC1B257371#,3572603330,ECD16010089,CD01,ASSEMBLY,ATS1 CDBU,ATS1_CDBU_01,CA01,ECD16010089-PAT-03,,0,4/2/2026 16:44,PASS,0,N/A,N/A
BUNC1B257368#,3572603330,ECD16010089,CD01,ASSEMBLY,ATS1 CDBU,ATS1_CDBU_01,CA04,ECD16010089-PAT-04,,0,4/2/2026 16:45,PASS,0,N/A,N/A
BUNC1B257462#,3572603330,ECD16010089,CD01,ASSEMBLY,ATS1 CDBU,ATS1_CDBU_01,CA01,ECD16010089-PAT-01,,0,4/2/2026 16:46,PASS,0,N/A,N/A
BUNC1B257360#,3572603330,ECD16010089,CD01,ASSEMBLY,CVI CDBU,CVI_CDBU,TA02,ECD16010089-CVI-04,,0,4/2/2026 16:46,PASS,0,N/A,N/A
BUNC1B257364#,3572603330,ECD16010089,CD01,ASSEMBLY,ATS1 CDBU,ATS1_CDBU_02,CA02,ECD16010089-PAT-02,,0,4/2/2026 16:47,PASS,0,N/A,N/A
BUNC1B257362#,3572603330,ECD16010089,CD01,ASSEMBLY,CVI CDBU,CVI_CDBU,TA02,ECD16010089-CVI-04,,0,4/2/2026 16:49,PASS,0,N/A,N/A
BUNC1B257361#,3572603330,ECD16010089,CD01,ASSEMBLY,ATS1 CDBU,ATS1_CDBU_01,CA01,ECD16010089-PAT-03,,0,4/2/2026 16:49,PASS,0,N/A,N/A
BUNC1B257369#,3572603330,ECD16010089,CD01,ASSEMBLY,ATS1 CDBU,ATS1_CDBU_01,CA04,ECD16010089-PAT-04,,0,4/2/2026 16:49,PASS,0,N/A,N/A
BUNC1B257366#,3572603330,ECD16010089,CD01,ASSEMBLY,ATS1 CDBU,ATS1_CDBU_01,CA01,ECD16010089-PAT-01,,0,4/2/2026 16:52,PASS,0,N/A,N/A
BUNC1B257360#,3572603330,ECD16010089,CD01,ASSEMBLY,ATS1 CDBU,ATS1_CDBU_02,CA02,ECD16010089-PAT-02,,0,4/2/2026 16:53,PASS,0,N/A,N/A
BUNC1B257363#,3572603330,ECD16010089,CD01,ASSEMBLY,ATS1 CDBU,ATS1_CDBU_01,CA04,ECD16010089-PAT-04,,0,4/2/2026 16:54,PASS,0,N/A,N/A
BUNC1B257362#,3572603330,ECD16010089,CD01,ASSEMBLY,ATS1 CDBU,ATS1_CDBU_01,CA04,ECD16010089-PAT-04,,0,4/2/2026 16:59,PASS,0,N/A,N/A
BUNC1B257357#,3572603330,ECD16010089,CD01,ASSEMBLY,CVI CDBU,CVI_CDBU,TA03,ECD16010089-CVI-01,,0,4/2/2026 16:59,PASS,0,N/A,N/A
BUNC1B257340#,3572603330,ECD16010089,CD01,ASSEMBLY,CVI CDBU,CVI_CDBU,TA01,ECD16010089-CVI-04,,0,4/2/2026 17:00,PASS,0,N/A,N/A
BUNC1B257358#,3572602926,ECD16010089,CD01,ASSEMBLY,CVI CDBU,CVI_CDBU,TA04,ECD16010089-CVI-01,,0,4/2/2026 17:01,PASS,0,N/A,N/A
BUNC1B257357#,3572603330,ECD16010089,CD01,ASSEMBLY,ATS1 CDBU,ATS1_CDBU_01,CA01,ECD16010089-PAT-01,,0,4/2/2026 17:05,PASS,0,N/A,N/A
BUNC1B257340#,3572603330,ECD16010089,CD01,ASSEMBLY,ATS1 CDBU,ATS1_CDBU_01,CA01,ECD16010089-PAT-03,,0,4/2/2026 17:05,PASS,0,N/A,N/A
BUNC1B257358#,3572603330,ECD16010089,CD01,ASSEMBLY,ATS1 CDBU,ATS1_CDBU_02,CA02,ECD16010089-PAT-02,,0,4/2/2026 17:07,PASS,0,N/A,N/A
1085033-04 261207016517,3572603330,ECD16010089,CD01,FINAL-TEST,ATS2 CDBU,ATS2_CDBU,CA17,ECD16010089-FAT-01,,0,4/2/2026 17:25,PASS,0,N/A,N/A
1085033-04 261207016524,3572603330,ECD16010089,CD01,FINAL-TEST,ATS2 CDBU,ATS2_CDBU,CA18,ECD16010089-FAT-02,,0,4/2/2026 17:27,PASS,0,N/A,N/A
1085033-04 2612070164461085033-04 261207016447,3572603330,ECD16010089,CD01,FINAL-TEST,EER CDBU,EER_CDBU,TA05,ECD16010089-EER-01,,0,4/2/2026 17:27,PASS,0,N/A,N/A
1085033-04 261207016355,3572603330,ECD16010089,CD01,FINAL-TEST,ATS2 CDBU,ATS2_CDBU,CA17,ECD16010089-FAT-01,,0,4/2/2026 17:29,PASS,0,N/A,N/A
1085033-04 261207016421,3572603330,ECD16010089,CD01,FINAL-TEST,ATS2 CDBU,ATS2_CDBU,CA18,ECD16010089-FAT-02,,0,4/2/2026 17:30,PASS,0,N/A,N/A
1085033-04 2612070163411085033-04 261207016526,3572603330,ECD16010089,CD01,FINAL-TEST,EER CDBU,EER_CDBU,TA05,ECD16010089-EER-01,,0,4/2/2026 17:31,PASS,0,N/A,N/A
1085033-04 261207016294,3572603330,ECD16010089,CD01,FINAL-TEST,ATS2 CDBU,ATS2_CDBU,CA17,ECD16010089-FAT-01,,0,4/2/2026 17:33,PASS,0,N/A,N/A
1085033-04 261207016295,3572605118,ECD16010089,CD01,FINAL-TEST,ATS2 CDBU,ATS2_CDBU,CA19,ECD16010089-FAT-01,,0,4/2/2026 17:33,PASS,0,N/A,N/A
1085033-04 261207016491,3572603330,ECD16010089,CD01,FINAL-TEST,ATS2 CDBU,ATS2_CDBU,CA18,ECD16010089-FAT-02,,0,4/2/2026 17:33,PASS,0,N/A,N/A
1085033-04 2612070163401085033-04 261207016517,3572603330,ECD16010089,CD01,FINAL-TEST,EER CDBU,EER_CDBU,TA05,ECD16010089-EER-01,,0,4/2/2026 17:35,PASS,0,N/A,N/A
1085033-04 261207016449,3572603330,ECD16010089,CD01,FINAL-TEST,ATS2 CDBU,ATS2_CDBU,CA17,ECD16010089-FAT-01,,0,4/2/2026 17:36,PASS,0,N/A,N/A
BUNC1B257356#,3572603330,ECD16010089,CD01,ASSEMBLY,CVI CDBU,CVI_CDBU,TA01,ECD16010089-CVI-04,,0,4/2/2026 17:38,PASS,0,N/A,N/A
BUNC1B257354#,3572603330,ECD16010089,CD01,ASSEMBLY,CVI CDBU,CVI_CDBU,TA01,ECD16010089-CVI-04,,0,4/2/2026 17:39,PASS,0,N/A,N/A
1085033-04 261207016477,3572603330,ECD16010089,CD01,FINAL-TEST,ATS2 CDBU,ATS2_CDBU,CA17,ECD16010089-FAT-01,,0,4/2/2026 17:40,PASS,0,N/A,N/A
1085033-04 2612070163551085033-04 261207016524,3572603330,ECD16010089,CD01,FINAL-TEST,EER CDBU,EER_CDBU,TA05,ECD16010089-EER-01,,0,4/2/2026 17:41,PASS,0,N/A,N/A
1085033-04 261207016428,3572603330,ECD16010089,CD01,FINAL-TEST,ATS2 CDBU,ATS2_CDBU,CA18,ECD16010089-FAT-02,,0,4/2/2026 17:42,PASS,0,N/A,N/A
BUNC1B257356#,3572603330,ECD16010089,CD01,ASSEMBLY,ATS1 CDBU,ATS1_CDBU_02,CA02,ECD16010089-PAT-02,,0,4/2/2026 17:43,PASS,0,N/A,N/A
1085033-04 261207016451,3572603330,ECD16010089,CD01,FINAL-TEST,ATS2 CDBU,ATS2_CDBU,CA17,ECD16010089-FAT-01,,0,4/2/2026 17:44,PASS,0,N/A,N/A
1085033-04 2612070164211085033-04 261207016294,3572603330,ECD16010089,CD01,FINAL-TEST,EER CDBU,EER_CDBU,TA05,ECD16010089-EER-01,,0,4/2/2026 17:44,PASS,0,N/A,N/A
1085033-04 261407004409,3572603330,ECD16010089,CD01,FINAL-TEST,ATS2 CDBU,ATS2_CDBU,CA18,ECD16010089-FAT-02,,0,4/2/2026 17:45,PASS,0,N/A,N/A
1085033-04 2612070162951085033-04 261207016491,3572603330,ECD16010089,CD01,FINAL-TEST,EER CDBU,EER_CDBU,TA05,ECD16010089-EER-01,,0,4/2/2026 17:46,PASS,0,N/A,N/A
1085033-04 261207016437,3572603330,ECD16010089,CD01,FINAL-TEST,ATS2 CDBU,ATS2_CDBU,CA17,ECD16010089-FAT-01,,0,4/2/2026 17:47,PASS,0,N/A,N/A
1085033-04 2612070164491085033-04 261207016477,3572603330,ECD16010089,CD01,FINAL-TEST,EER CDBU,EER_CDBU,TA05,ECD16010089-EER-01,,0,4/2/2026 17:49,PASS,0,N/A,N/A
BUNC1B257355#,3572603330,ECD16010089,CD01,ASSEMBLY,CVI CDBU,CVI_CDBU,TA01,ECD16010089-CVI-04,,0,4/2/2026 17:49,PASS,0,N/A,N/A
BUNC1B257351#,3572603330,ECD16010089,CD01,ASSEMBLY,CVI CDBU,CVI_CDBU,TA01,ECD16010089-CVI-04,,0,4/2/2026 17:50,PASS,0,N/A,N/A
BUNC1B257353#,3572603330,ECD16010089,CD01,ASSEMBLY,CVI CDBU,CVI_CDBU,TA02,ECD16010089-CVI-04,,0,4/2/2026 17:50,PASS,0,N/A,N/A
1085033-04 261207016402,3572603330,ECD16010089,CD01,FINAL-TEST,ATS2 CDBU,ATS2_CDBU,CA17,ECD16010089-FAT-01,,0,4/2/2026 17:51,PASS,0,N/A,N/A
1085033-04 2612070165221085033-04 261207016428,3572603330,ECD16010089,CD01,FINAL-TEST,EER CDBU,EER_CDBU,TA05,ECD16010089-EER-01,,0,4/2/2026 17:51,PASS,0,N/A,N/A
BUNC1B257312#,3572603330,ECD16010089,CD01,ASSEMBLY,CVI CDBU,CVI_CDBU,TA01,ECD16010089-CVI-04,,0,4/2/2026 17:52,PASS,0,N/A,N/A
BUNC1B257354#,3572603330,ECD16010089,CD01,ASSEMBLY,ATS1 CDBU,ATS1_CDBU_01,CA01,ECD16010089-PAT-01,,0,4/2/2026 17:53,PASS,0,N/A,N/A
BUNC1B257348#,3572603330,ECD16010089,CD01,ASSEMBLY,CVI CDBU,CVI_CDBU,TA02,ECD16010089-CVI-04,,0,4/2/2026 17:53,PASS,0,N/A,N/A
BUNC1B257214#,3572603330,ECD16010089,CD01,ASSEMBLY,CVI CDBU,CVI_CDBU,TA01,ECD16010089-CVI-04,,0,4/2/2026 17:53,PASS,0,N/A,N/A
BUNC1B257349#,3572603330,ECD16010089,CD01,ASSEMBLY,CVI CDBU,CVI_CDBU,TA02,ECD16010089-CVI-04,,0,4/2/2026 17:54,PASS,0,N/A,N/A
BUNC1B257352#,3572603330,ECD16010089,CD01,ASSEMBLY,CVI CDBU,CVI_CDBU,TA02,ECD16010089-CVI-04,,0,4/2/2026 17:54,PASS,0,N/A,N/A
BUNC1B257355#,3572603330,ECD16010089,CD01,ASSEMBLY,ATS1 CDBU,ATS1_CDBU_02,CA02,ECD16010089-PAT-02,,0,4/2/2026 17:54,PASS,0,N/A,N/A
BUNC1B257345#,3572603330,ECD16010089,CD01,ASSEMBLY,CVI CDBU,CVI_CDBU,TA02,ECD16010089-CVI-04,,0,4/2/2026 17:55,PASS,0,N/A,N/A
BUNC1B257353#,3572603330,ECD16010089,CD01,ASSEMBLY,ATS1 CDBU,ATS1_CDBU_01,CA01,ECD16010089-PAT-03,,0,4/2/2026 17:55,PASS,0,N/A,N/A
BUNC1B257339#,3572603330,ECD16010089,CD01,ASSEMBLY,CVI CDBU,CVI_CDBU,TA02,ECD16010089-CVI-04,,0,4/2/2026 17:56,PASS,0,N/A,N/A
BUNC1B257367#,3572603330,ECD16010089,CD01,ASSEMBLY,ATS1 CDBU,ATS1_CDBU_01,CA01,ECD16010089-PAT-01,,0,4/2/2026 17:57,PASS,0,N/A,N/A
BUNC1B257214#,3572603330,ECD16010089,CD01,ASSEMBLY,ATS1 CDBU,ATS1_CDBU_01,CA04,ECD16010089-PAT-04,,0,4/2/2026 17:58,PASS,0,N/A,N/A
1085033-04 261407004461,3572603330,ECD16010089,CD01,FINAL-TEST,ATS2 CDBU,ATS2_CDBU,CA17,ECD16010089-FAT-01,,0,4/2/2026 17:58,PASS,0,N/A,N/A
BUNC1B257351#,3572603330,ECD16010089,CD01,ASSEMBLY,ATS1 CDBU,ATS1_CDBU_02,CA02,ECD16010089-PAT-02,,0,4/2/2026 17:59,PASS,0,N/A,N/A
1085033-04 261407004429,3572603330,ECD16010089,CD01,FINAL-TEST,ATS2 CDBU,ATS2_CDBU,CA18,ECD16010089-FAT-02,,0,4/2/2026 18:00,PASS,0,N/A,N/A
BUNC1B257312#,3572603330,ECD16010089,CD01,ASSEMBLY,ATS1 CDBU,ATS1_CDBU_01,CA01,ECD16010089-PAT-03,,0,4/2/2026 18:00,PASS,0,N/A,N/A
BUNC1B257359#,3572603330,ECD16010089,CD01,ASSEMBLY,CVI CDBU,CVI_CDBU,TA01,ECD16010089-CVI-04,,0,4/2/2026 18:02,PASS,0,N/A,N/A
BUNC1B257254#,3572603330,ECD16010089,CD01,ASSEMBLY,CVI CDBU,CVI_CDBU,TA01,ECD16010089-CVI-04,,0,4/2/2026 18:03,PASS,0,N/A,N/A
1085033-04 261207016300,3572603330,ECD16010089,CD01,FINAL-TEST,ATS2 CDBU,ATS2_CDBU,CA18,ECD16010089-FAT-02,,0,4/2/2026 18:04,PASS,0,N/A,N/A
BUNC1B257349#,3572603330,ECD16010089,CD01,ASSEMBLY,ATS1 CDBU,ATS1_CDBU_02,CA02,ECD16010089-PAT-02,,0,4/2/2026 18:04,PASS,0,N/A,N/A
1085033-04 2612070164511085033-04 261207016437,3572603330,ECD16010089,CD01,FINAL-TEST,EER CDBU,EER_CDBU,TA05,ECD16010089-EER-01,,0,4/2/2026 18:04,PASS,0,N/A,N/A
BUNC1B257253#,3572603330,ECD16010089,CD01,ASSEMBLY,CVI CDBU,CVI_CDBU,TA01,ECD16010089-CVI-04,,0,4/2/2026 18:04,PASS,0,N/A,N/A
BUNC1B257255#,3572603330,ECD16010089,CD01,ASSEMBLY,CVI CDBU,CVI_CDBU,TA02,ECD16010089-CVI-04,,0,4/2/2026 18:05,PASS,0,N/A,N/A
BUNC1B257252#,3572603330,ECD16010089,CD01,ASSEMBLY,CVI CDBU,CVI_CDBU,TA02,ECD16010089-CVI-04,,0,4/2/2026 18:06,PASS,0,N/A,N/A
1085033-04 2614070044091085033-04 261407004461,3572603330,ECD16010089,CD01,FINAL-TEST,EER CDBU,EER_CDBU,TA05,ECD16010089-EER-01,,0,4/2/2026 18:07,PASS,0,N/A,N/A
BUNC1B257241#,3572603330,ECD16010089,CD01,ASSEMBLY,CVI CDBU,CVI_CDBU,TA03,ECD16010089-CVI-01,,0,4/2/2026 18:09,PASS,0,N/A,N/A
BUNC1B257242#,3572602926,ECD16010089,CD01,ASSEMBLY,CVI CDBU,CVI_CDBU,TA04,ECD16010089-CVI-01,,0,4/2/2026 18:09,PASS,0,N/A,N/A
BUNC1B257352#,3572603330,ECD16010089,CD01,ASSEMBLY,ATS1 CDBU,ATS1_CDBU_01,CA04,ECD16010089-PAT-04,,0,4/2/2026 18:17,PASS,0,N/A,N/A
BUNC1B257339#,3572603330,ECD16010089,CD01,ASSEMBLY,ATS1 CDBU,ATS1_CDBU_02,CA02,ECD16010089-PAT-02,,0,4/2/2026 18:17,PASS,0,N/A,N/A
BUNC1B257359#,3572603330,ECD16010089,CD01,ASSEMBLY,ATS1 CDBU,ATS1_CDBU_01,CA01,ECD16010089-PAT-01,,0,4/2/2026 18:17,PASS,0,N/A,N/A
BUNC1B257345#,3572603330,ECD16010089,CD01,ASSEMBLY,ATS1 CDBU,ATS1_CDBU_01,CA01,ECD16010089-PAT-03,,0,4/2/2026 18:18,PASS,0,N/A,N/A
BUNC1B257236#,3572603330,ECD16010089,CD01,ASSEMBLY,CVI CDBU,CVI_CDBU,TA01,ECD16010089-CVI-04,,0,4/2/2026 18:20,PASS,0,N/A,N/A
BUNC1B257235#,3572603330,ECD16010089,CD01,ASSEMBLY,CVI CDBU,CVI_CDBU,TA01,ECD16010089-CVI-04,,0,4/2/2026 18:21,PASS,0,N/A,N/A
BUNC1B257255#,3572603330,ECD16010089,CD01,ASSEMBLY,ATS1 CDBU,ATS1_CDBU_02,CA02,ECD16010089-PAT-02,,0,4/2/2026 18:21,PASS,0,N/A,N/A
BUNC1B257254#,3572603330,ECD16010089,CD01,ASSEMBLY,ATS1 CDBU,ATS1_CDBU_01,CA01,ECD16010089-PAT-01,,0,4/2/2026 18:22,PASS,0,N/A,N/A
BUNC1B257252#,3572603330,ECD16010089,CD01,ASSEMBLY,ATS1 CDBU,ATS1_CDBU_01,CA04,ECD16010089-PAT-04,,0,4/2/2026 18:22,PASS,0,N/A,N/A
BUNC1B257253#,3572603330,ECD16010089,CD01,ASSEMBLY,ATS1 CDBU,ATS1_CDBU_01,CA01,ECD16010089-PAT-03,,0,4/2/2026 18:22,PASS,0,N/A,N/A
1085033-04 2612070164021085033-04 261407004429,3572603330,ECD16010089,CD01,FINAL-TEST,EER CDBU,EER_CDBU,TA05,ECD16010089-EER-01,,0,4/2/2026 18:24,PASS,0,N/A,N/A
